,subject,take,class_index,frame_idx
0,1,1,0,1100
1,1,2,0,744
2,1,3,0,700
3,1,4,0,766
4,1,5,0,450
5,1,6,0,700
6,1,7,0,609
7,1,8,0,734
8,1,9,0,891
9,2,1,0,149
10,2,2,0,164
11,2,3,0,169
12,2,4,0,139
13,2,5,0,179
14,2,6,0,169
15,2,7,0,154
16,2,8,0,219
17,2,9,0,180
18,2,10,0,130
19,2,11,0,143
20,3,1,0,140
21,3,2,0,117
22,3,3,0,126
23,3,4,0,117
24,3,5,0,146
25,3,6,0,137
26,3,7,0,131
27,3,8,0,134
28,3,9,0,141
29,4,1,0,244
30,4,2,0,105
31,4,3,0,185
32,4,4,0,119
33,4,5,0,134
34,4,6,0,134
35,4,7,0,140
36,4,8,0,199
37,4,9,0,138
38,4,10,0,151
39,4,11,0,191
40,5,1,0,117
41,5,2,0,130
42,5,3,0,165
43,5,4,0,205
44,5,5,0,164
45,5,6,0,130
46,5,7,0,238
47,5,8,0,166
48,6,1,0,210
49,6,2,0,135
50,6,3,0,159
51,6,4,0,181
52,6,5,0,185
53,6,6,0,202
54,6,7,0,186
55,6,8,0,183
56,6,9,0,149
57,6,10,0,136
58,7,1,0,130
59,7,2,0,134
60,7,3,0,139
61,7,4,0,140
62,7,5,0,290
63,7,6,0,181
64,7,7,0,142
65,7,8,0,158
66,7,9,0,140
67,8,1,0,157
68,8,2,0,176
69,8,3,0,151
70,8,4,0,139
71,8,5,0,185
72,8,6,0,170
73,8,7,0,160
74,8,8,0,178
75,8,9,0,159
76,8,10,0,148
77,9,1,0,74
78,9,2,0,82
79,9,3,0,84
80,9,4,0,85
81,9,5,0,78
82,9,6,0,95
83,9,7,0,113
84,9,8,0,85
85,9,9,0,86
86,9,10,0,77
87,9,11,0,63
88,9,12,0,79
89,9,13,0,83
90,10,1,0,288
91,10,2,0,122
92,10,3,0,117
93,10,4,0,143
94,10,5,0,137
95,10,6,0,139
96,10,7,0,113
97,10,8,0,119
98,10,9,0,145
99,10,10,0,128
100,1,1,1,1849
101,1,2,1,1479
102,1,3,1,1474
103,1,4,1,1518
104,1,5,1,1110
105,1,6,1,1390
106,1,7,1,1390
107,1,8,1,1462
108,1,9,1,1596
109,2,1,1,640
110,2,2,1,646
111,2,3,1,694
112,2,4,1,693
113,2,5,1,735
114,2,6,1,718
115,2,7,1,630
116,2,8,1,692
117,2,9,1,669
118,2,10,1,596
119,2,11,1,593
120,3,1,1,638
121,3,2,1,571
122,3,3,1,626
123,3,4,1,555
124,3,5,1,606
125,3,6,1,596
126,3,7,1,615
127,3,8,1,635
128,3,9,1,651
129,4,1,1,792
130,4,2,1,719
131,4,3,1,682
132,4,4,1,738
133,4,5,1,698
134,4,6,1,671
135,4,7,1,683
136,4,8,1,729
137,4,9,1,656
138,4,10,1,600
139,4,11,1,678
140,5,1,1,810
141,5,2,1,735
142,5,3,1,837
143,5,4,1,770
144,5,5,1,759
145,5,6,1,772
146,5,7,1,914
147,5,8,1,729
148,6,1,1,1011
149,6,2,1,745
150,6,3,1,785
151,6,4,1,698
152,6,5,1,735
153,6,6,1,831
154,6,7,1,823
155,6,8,1,780
156,6,9,1,721
157,6,10,1,685
158,7,1,1,660
159,7,2,1,622
160,7,3,1,727
161,7,4,1,712
162,7,5,1,850
163,7,6,1,809
164,7,7,1,792
165,7,8,1,881
166,7,9,1,840
167,8,1,1,571
168,8,2,1,566
169,8,3,1,513
170,8,4,1,519
171,8,5,1,532
172,8,6,1,517
173,8,7,1,556
174,8,8,1,588
175,8,9,1,542
176,8,10,1,629
177,9,1,1,560
178,9,2,1,551
179,9,3,1,470
180,9,4,1,512
181,9,5,1,504
182,9,6,1,491
183,9,7,1,460
184,9,8,1,427
185,9,9,1,473
186,9,10,1,384
187,9,11,1,422
188,9,12,1,414
189,9,13,1,409
190,10,1,1,618
191,10,2,1,575
192,10,3,1,569
193,10,4,1,568
194,10,5,1,481
195,10,6,1,553
196,10,7,1,431
197,10,8,1,493
198,10,9,1,534
199,10,10,1,608
200,1,1,2,2190
201,1,2,2,1785
202,1,3,2,1782
203,1,4,2,1835
204,1,5,2,1442
205,1,6,2,1725
206,1,7,2,1724
207,1,8,2,1789
208,1,9,2,1923
209,2,1,2,1007
210,2,2,2,991
211,2,3,2,1058
212,2,4,2,1107
213,2,5,2,1123
214,2,6,2,1133
215,2,7,2,998
216,2,8,2,1027
217,2,9,2,1024
218,2,10,2,955
219,2,11,2,935
220,3,1,2,928
221,3,2,2,891
222,3,3,2,928
223,3,4,2,874
224,3,5,2,926
225,3,6,2,906
226,3,7,2,996
227,3,8,2,933
228,3,9,2,975
229,4,1,2,1109
230,4,2,2,1049
231,4,3,2,970
232,4,4,2,1094
233,4,5,2,1024
234,4,6,2,944
235,4,7,2,973
236,4,8,2,1002
237,4,9,2,961
238,4,10,2,856
239,4,11,2,911
240,5,1,2,1349
241,5,2,2,1239
242,5,3,2,1335
243,5,4,2,1238
244,5,5,2,1264
245,5,6,2,1239
246,5,7,2,1382
247,5,8,2,1164
248,6,1,2,1466
249,6,2,2,1290
250,6,3,2,1212
251,6,4,2,1090
252,6,5,2,1147
253,6,6,2,1237
254,6,7,2,1218
255,6,8,2,1213
256,6,9,2,1102
257,6,10,2,1081
258,7,1,2,1093
259,7,2,2,1042
260,7,3,2,1166
261,7,4,2,1144
262,7,5,2,1321
263,7,6,2,1235
264,7,7,2,1209
265,7,8,2,1308
266,7,9,2,1249
267,8,1,2,861
268,8,2,2,862
269,8,3,2,816
270,8,4,2,819
271,8,5,2,807
272,8,6,2,817
273,8,7,2,863
274,8,8,2,923
275,8,9,2,860
276,8,10,2,956
277,9,1,2,876
278,9,2,2,879
279,9,3,2,760
280,9,4,2,806
281,9,5,2,793
282,9,6,2,770
283,9,7,2,740
284,9,8,2,693
285,9,9,2,739
286,9,10,2,630
287,9,11,2,690
288,9,12,2,669
289,9,13,2,653
290,10,1,2,1108
291,10,2,2,925
292,10,3,2,924
293,10,4,2,918
294,10,5,2,816
295,10,6,2,934
296,10,7,2,869
297,10,8,2,899
298,10,9,2,920
299,10,10,2,1003
300,1,1,3,2634
301,1,2,3,2283
302,1,3,3,2247
303,1,4,3,2276
304,1,5,3,1882
305,1,6,3,2152
306,1,7,3,2164
307,1,8,3,2234
308,1,9,3,2336
309,2,1,3,1445
310,2,2,3,1446
311,2,3,3,1547
312,2,4,3,1580
313,2,5,3,1651
314,2,6,3,1646
315,2,7,3,1449
316,2,8,3,1446
317,2,9,3,1474
318,2,10,3,1396
319,2,11,3,1365
320,3,1,3,1276
321,3,2,3,1206
322,3,3,3,1265
323,3,4,3,1236
324,3,5,3,1279
325,3,6,3,1264
326,3,7,3,1366
327,3,8,3,1267
328,3,9,3,1363
329,4,1,3,1505
330,4,2,3,1492
331,4,3,3,1368
332,4,4,3,1508
333,4,5,3,1449
334,4,6,3,1346
335,4,7,3,1396
336,4,8,3,1361
337,4,9,3,1328
338,4,10,3,1219
339,4,11,3,1266
340,5,1,3,2040
341,5,2,3,1870
342,5,3,3,1981
343,5,4,3,1848
344,5,5,3,1862
345,5,6,3,1832
346,5,7,3,2013
347,5,8,3,1743
348,6,1,3,2041
349,6,2,3,1796
350,6,3,3,1705
351,6,4,3,1508
352,6,5,3,1617
353,6,6,3,1722
354,6,7,3,1688
355,6,8,3,1653
356,6,9,3,1547
357,6,10,3,1523
358,7,1,3,1582
359,7,2,3,1520
360,7,3,3,1629
361,7,4,3,1597
362,7,5,3,1767
363,7,6,3,1695
364,7,7,3,1664
365,7,8,3,1746
366,7,9,3,1686
367,8,1,3,1317
368,8,2,3,1356
369,8,3,3,1233
370,8,4,3,1233
371,8,5,3,1182
372,8,6,3,1220
373,8,7,3,1298
374,8,8,3,1353
375,8,9,3,1312
376,8,10,3,1399
377,9,1,3,1333
378,9,2,3,1324
379,9,3,3,1213
380,9,4,3,1219
381,9,5,3,1202
382,9,6,3,1192
383,9,7,3,1145
384,9,8,3,1075
385,9,9,3,1142
386,9,10,3,1011
387,9,11,3,1063
388,9,12,3,1033
389,9,13,3,1004
390,10,1,3,1560
391,10,2,3,1303
392,10,3,3,1321
393,10,4,3,1235
394,10,5,3,1186
395,10,6,3,1329
396,10,7,3,1239
397,10,8,3,1289
398,10,9,3,1332
399,10,10,3,1381
400,1,1,4,3031
401,1,2,4,2708
402,1,3,4,2684
403,1,4,4,2683
404,1,5,4,2292
405,1,6,4,2577
406,1,7,4,2584
407,1,8,4,2664
408,1,9,4,2741
409,2,1,4,1883
410,2,2,4,1884
411,2,3,4,1994
412,2,4,4,2045
413,2,5,4,2149
414,2,6,4,2106
415,2,7,4,1909
416,2,8,4,1840
417,2,9,4,1850
418,2,10,4,1793
419,2,11,4,1755
420,3,1,4,1592
421,3,2,4,1552
422,3,3,4,1590
423,3,4,4,1570
424,3,5,4,1576
425,3,6,4,1539
426,3,7,4,1700
427,3,8,4,1607
428,3,9,4,1701
429,4,1,4,1912
430,4,2,4,1872
431,4,3,4,1710
432,4,4,4,1908
433,4,5,4,1853
434,4,6,4,1701
435,4,7,4,1818
436,4,8,4,1734
437,4,9,4,1698
438,4,10,4,1612
439,4,11,4,1634
440,5,1,4,2710
441,5,2,4,2484
442,5,3,4,2616
443,5,4,4,2420
444,5,5,4,2379
445,5,6,4,2379
446,5,7,4,2574
447,5,8,4,2289
448,6,1,4,2571
449,6,2,4,2248
450,6,3,4,2160
451,6,4,4,1926
452,6,5,4,2042
453,6,6,4,2167
454,6,7,4,2156
455,6,8,4,2083
456,6,9,4,1986
457,6,10,4,1980
458,7,1,4,2056
459,7,2,4,1948
460,7,3,4,2095
461,7,4,4,2008
462,7,5,4,2186
463,7,6,4,2124
464,7,7,4,2114
465,7,8,4,2184
466,7,9,4,2147
467,8,1,4,1729
468,8,2,4,1777
469,8,3,4,1625
470,8,4,4,1613
471,8,5,4,1570
472,8,6,4,1572
473,8,7,4,1721
474,8,8,4,1761
475,8,9,4,1705
476,8,10,4,1794
478,9,2,4,1774
479,9,3,4,1653
480,9,4,4,1620
481,9,5,4,1588
482,9,6,4,1582
483,9,7,4,1541
484,9,8,4,1447
485,9,9,4,1519
486,9,10,4,1371
487,9,11,4,1435
488,9,12,4,1370
489,9,13,4,1355
490,10,1,4,2020
491,10,2,4,1592
492,10,3,4,1659
493,10,4,4,1572
494,10,5,4,1531
495,10,6,4,1724
496,10,7,4,1629
497,10,8,4,1654
498,10,9,4,1745
499,10,10,4,1751
500,1,1,5,3422
501,1,2,5,3030
502,1,3,5,3017
503,1,4,5,3013
504,1,5,5,2669
505,1,6,5,2927
506,1,7,5,2934
507,1,8,5,3014
508,1,9,5,3070
509,2,1,5,2140
510,2,2,5,2136
511,2,3,5,2245
512,2,4,5,2307
513,2,5,5,2423
514,2,6,5,2337
515,2,7,5,2165
516,2,8,5,2031
517,2,9,5,2056
518,2,10,5,2015
519,2,11,5,1945
520,3,1,5,1880
521,3,2,5,1836
522,3,3,5,1894
523,3,4,5,1843
524,3,5,5,1850
525,3,6,5,1816
526,3,7,5,1958
527,3,8,5,1882
528,3,9,5,1973
529,4,1,5,2177
530,4,2,5,2160
531,4,3,5,1977
532,4,4,5,2238
533,4,5,5,2181
534,4,6,5,1959
535,4,7,5,2128
536,4,8,5,2004
537,4,9,5,2000
538,4,10,5,1896
539,4,11,5,1903
540,5,1,5,3174
541,5,2,5,2875
542,5,3,5,3011
543,5,4,5,2828
544,5,5,5,2727
545,5,6,5,2722
546,5,7,5,2958
547,5,8,5,2666
548,6,1,5,2975
549,6,2,5,2648
550,6,3,5,2534
551,6,4,5,2347
552,6,5,5,2365
553,6,6,5,2534
554,6,7,5,2483
555,6,8,5,2467
556,6,9,5,2359
557,6,10,5,2346
558,7,1,5,2400
559,7,2,5,2312
560,7,3,5,2444
561,7,4,5,2339
562,7,5,5,2487
563,7,6,5,2440
564,7,7,5,2409
565,7,8,5,2492
566,7,9,5,2454
567,8,1,5,2047
568,8,2,5,2114
569,8,3,5,1941
570,8,4,5,1926
571,8,5,5,1859
572,8,6,5,1869
573,8,7,5,2045
574,8,8,5,2113
575,8,9,5,2030
576,8,10,5,2147
578,9,2,5,1978
579,9,3,5,1868
580,9,4,5,1845
581,9,5,5,1794
582,9,6,5,1773
583,9,7,5,1745
584,9,8,5,1629
585,9,9,5,1683
586,9,10,5,1550
587,9,11,5,1627
588,9,12,5,1550
589,9,13,5,1538
590,10,1,5,2340
591,10,2,5,1942
592,10,3,5,1991
593,10,4,5,1870
594,10,5,5,1771
595,10,6,5,2019
596,10,7,5,1898
597,10,8,5,1929
598,10,9,5,2025
599,10,10,5,2026
600,1,1,6,3859
601,1,2,6,3493
602,1,3,6,3457
603,1,4,6,3490
604,1,5,6,3127
605,1,6,6,3375
606,1,7,6,3432
607,1,8,6,3477
608,1,9,6,3500
609,2,1,6,2512
610,2,2,6,2507
611,2,3,6,2614
612,2,4,6,2697
613,2,5,6,2859
614,2,6,6,2750
615,2,7,6,2560
616,2,8,6,2350
617,2,9,6,2395
618,2,10,6,2370
619,2,11,6,2284
620,3,1,6,2204
621,3,2,6,2148
622,3,3,6,2242
623,3,4,6,2192
624,3,5,6,2199
625,3,6,6,2177
626,3,7,6,2350
627,3,8,6,2294
628,3,9,6,2338
629,4,1,6,2556
630,4,2,6,2560
631,4,3,6,2342
632,4,4,6,2664
633,4,5,6,2639
634,4,6,6,2333
635,4,7,6,2535
636,4,8,6,2396
637,4,9,6,2402
638,4,10,6,2266
639,4,11,6,2243
640,5,1,6,3739
641,5,2,6,3425
642,5,3,6,3598
643,5,4,6,3336
644,5,5,6,3204
645,5,6,6,3202
646,5,7,6,3411
647,5,8,6,3129
648,6,1,6,3438
649,6,2,6,3046
650,6,3,6,2954
651,6,4,6,2701
652,6,5,6,2847
653,6,6,6,3019
654,6,7,6,2950
655,6,8,6,2868
656,6,9,6,2822
657,6,10,6,2755
658,7,1,6,2878
659,7,2,6,2776
660,7,3,6,2963
661,7,4,6,2818
662,7,5,6,2967
663,7,6,6,2938
664,7,7,6,2911
665,7,8,6,2963
666,7,9,6,2960
667,8,1,6,2387
668,8,2,6,2481
669,8,3,6,2340
670,8,4,6,2261
671,8,5,6,2189
672,8,6,6,2192
673,8,7,6,2373
674,8,8,6,2490
675,8,9,6,2390
676,8,10,6,2536
678,9,2,6,2295
679,9,3,6,2218
680,9,4,6,2195
681,9,5,6,2132
682,9,6,6,2089
683,9,7,6,2064
684,9,8,6,1947
685,9,9,6,1992
686,9,10,6,1869
687,9,11,6,1946
688,9,12,6,1858
689,9,13,6,1820
690,10,1,6,2833
691,10,2,6,2273
692,10,3,6,2409
693,10,4,6,2287
694,10,5,6,2194
695,10,6,6,2373
696,10,7,6,2209
697,10,8,6,2284
698,10,9,6,2447
699,10,10,6,2493
700,1,1,7,4298
701,1,2,7,3935
702,1,3,7,3899
703,1,4,7,3913
704,1,5,7,3574
705,1,6,7,3815
706,1,7,7,3872
707,1,8,7,3909
708,1,9,7,3938
709,2,1,7,2911
710,2,2,7,2936
711,2,3,7,3058
712,2,4,7,3152
713,2,5,7,3314
714,2,6,7,3197
715,2,7,7,2991
716,2,8,7,2715
717,2,9,7,2762
718,2,10,7,2805
719,2,11,7,2696
720,3,1,7,2505
721,3,2,7,2507
722,3,3,7,2570
723,3,4,7,2528
724,3,5,7,2495
725,3,6,7,2476
726,3,7,7,2727
727,3,8,7,2622
728,3,9,7,2650
729,4,1,7,2867
730,4,2,7,2910
731,4,3,7,2658
732,4,4,7,3041
733,4,5,7,3039
734,4,6,7,2643
735,4,7,7,2890
736,4,8,7,2775
737,4,9,7,2760
738,4,10,7,2592
739,4,11,7,2553
740,5,1,7,4427
741,5,2,7,4030
742,5,3,7,4191
743,5,4,7,3926
744,5,5,7,3746
745,5,6,7,3739
746,5,7,7,3989
747,5,8,7,3669
748,6,1,7,3901
749,6,2,7,3486
750,6,3,7,3395
751,6,4,7,3176
752,6,5,7,3299
753,6,6,7,3459
754,6,7,7,3415
755,6,8,7,3265
756,6,9,7,3276
757,6,10,7,3163
758,7,1,7,3361
759,7,2,7,3210
760,7,3,7,3392
761,7,4,7,3252
762,7,5,7,3425
763,7,6,7,3379
764,7,7,7,3339
765,7,8,7,3359
766,7,9,7,3386
767,8,1,7,2789
768,8,2,7,2881
769,8,3,7,2700
770,8,4,7,2656
771,8,5,7,2612
772,8,6,7,2585
773,8,7,7,2785
774,8,8,7,2871
775,8,9,7,2815
776,8,10,7,2976
778,9,2,7,2801
779,9,3,7,2641
780,9,4,7,2619
781,9,5,7,2536
782,9,6,7,2495
783,9,7,7,2478
784,9,8,7,2331
785,9,9,7,2359
786,9,10,7,2240
787,9,11,7,2302
788,9,12,7,2236
789,9,13,7,2203
790,10,1,7,3272
791,10,2,7,2608
792,10,3,7,2777
793,10,4,7,2593
794,10,5,7,2504
795,10,6,7,2694
796,10,7,7,2538
797,10,8,7,2613
798,10,9,7,2794
799,10,10,7,2865
800,1,1,8,4701
801,1,2,8,4348
802,1,3,8,4310
803,1,4,8,4333
804,1,5,8,4019
805,1,6,8,4265
806,1,7,8,4310
807,1,8,8,4307
808,1,9,8,4355
809,2,1,8,3324
810,2,2,8,3375
811,2,3,8,3486
812,2,4,8,3592
813,2,5,8,3790
814,2,6,8,3652
815,2,7,8,3420
816,2,8,8,3076
817,2,9,8,3127
818,2,10,8,3199
819,2,11,8,3067
820,3,1,8,2839
821,3,2,8,2805
822,3,3,8,2841
823,3,4,8,2835
824,3,5,8,2823
825,3,6,8,2821
826,3,7,8,3110
827,3,8,8,2967
828,3,9,8,2983
829,4,1,8,3241
830,4,2,8,3314
831,4,3,8,3032
832,4,4,8,3469
833,4,5,8,3466
834,4,6,8,3014
835,4,7,8,3270
836,4,8,8,3168
837,4,9,8,3166
838,4,10,8,2981
839,4,11,8,2904
840,5,1,8,5010
841,5,2,8,4612
842,5,3,8,4779
843,5,4,8,4485
844,5,5,8,4264
846,5,7,8,4496
847,5,8,8,4189
848,6,1,8,4250
849,6,2,8,3900
850,6,3,8,3795
851,6,4,8,3576
852,6,5,8,3719
853,6,6,8,3902
854,6,7,8,3836
855,6,8,8,3645
856,6,9,8,3669
857,6,10,8,3558
858,7,1,8,3800
859,7,2,8,3632
860,7,3,8,3810
861,7,4,8,3660
862,7,5,8,3848
863,7,6,8,3789
864,7,7,8,3784
865,7,8,8,3760
866,7,9,8,3786
867,8,1,8,3149
868,8,2,8,3254
869,8,3,8,3091
870,8,4,8,2983
871,8,5,8,2977
872,8,6,8,2940
873,8,7,8,3185
874,8,8,8,3203
875,8,9,8,3180
876,8,10,8,3362
878,9,2,8,3249
879,9,3,8,3106
880,9,4,8,3029
881,9,5,8,2950
882,9,6,8,2901
883,9,7,8,2902
884,9,8,8,2710
885,9,9,8,2746
886,9,10,8,2626
887,9,11,8,2681
888,9,12,8,2624
889,9,13,8,2592
890,10,1,8,3645
891,10,2,8,2987
892,10,3,8,3167
893,10,4,8,2945
894,10,5,8,2784
895,10,6,8,3019
896,10,7,8,2818
897,10,8,8,2929
898,10,9,8,3087
899,10,10,8,3276
900,1,1,9,5007
901,1,2,9,4635
902,1,3,9,4622
903,1,4,9,4633
904,1,5,9,4319
905,1,6,9,4592
906,1,7,9,4610
907,1,8,9,4637
908,1,9,9,4685
909,2,1,9,3553
910,2,2,9,3595
911,2,3,9,3681
912,2,4,9,3822
913,2,5,9,4033
914,2,6,9,3896
915,2,7,9,3614
916,2,8,9,3282
917,2,9,9,3317
918,2,10,9,3379
919,2,11,9,3242
920,3,1,9,3036
921,3,2,9,3035
922,3,3,9,3070
923,3,4,9,3059
924,3,5,9,3030
925,3,6,9,3049
926,3,7,9,3367
927,3,8,9,3185
928,3,9,9,3209
929,4,1,9,3501
930,4,2,9,3589
931,4,3,9,3295
932,4,4,9,3886
933,4,5,9,3741
934,4,6,9,3251
935,4,7,9,3555
936,4,8,9,3421
937,4,9,9,3411
938,4,10,9,3224
939,4,11,9,3164
940,5,1,9,5285
941,5,2,9,4930
942,5,3,9,5124
943,5,4,9,4803
944,5,5,9,4527
946,5,7,9,4774
947,5,8,9,4461
948,6,1,9,4533
949,6,2,9,4180
950,6,3,9,4069
951,6,4,9,3838
952,6,5,9,4000
953,6,6,9,4192
954,6,7,9,4130
955,6,8,9,3925
956,6,9,9,3957
957,6,10,9,3825
958,7,1,9,4168
959,7,2,9,3952
960,7,3,9,4174
961,7,4,9,4036
962,7,5,9,4207
963,7,6,9,4138
964,7,7,9,4127
965,7,8,9,4110
966,7,9,9,4167
967,8,1,9,3447
968,8,2,9,3494
969,8,3,9,3336
970,8,4,9,3193
971,8,5,9,3215
972,8,6,9,3159
973,8,7,9,3417
974,8,8,9,3442
975,8,9,9,3392
976,8,10,9,3653
978,9,2,9,3488
979,9,3,9,3327
980,9,4,9,3243
981,9,5,9,3165
982,9,6,9,3123
983,9,7,9,3111
984,9,8,9,2897
985,9,9,9,2937
986,9,10,9,2821
987,9,11,9,2898
989,9,13,9,2783
990,10,1,9,3993
991,10,2,9,3270
992,10,3,9,3466
993,10,4,9,3223
994,10,5,9,3002
995,10,6,9,3278
996,10,7,9,3068
997,10,8,9,3191
998,10,9,9,3365
999,10,10,9,3531
1000,1,1,10,5440
1001,1,2,10,5133
1002,1,3,10,5104
1003,1,4,10,5130
1004,1,5,10,4782
1005,1,6,10,5014
1006,1,7,10,5064
1007,1,8,10,5080
1008,1,9,10,5146
1009,2,1,10,3883
1010,2,2,10,3909
1011,2,3,10,4051
1012,2,4,10,4170
1013,2,5,10,4393
1014,2,6,10,4231
1015,2,7,10,3955
1016,2,8,10,3567
1017,2,9,10,3611
1018,2,10,10,3688
1019,2,11,10,3553
1020,3,1,10,3331
1021,3,2,10,3288
1022,3,3,10,3313
1023,3,4,10,3320
1024,3,5,10,3292
1025,3,6,10,3279
1026,3,7,10,3618
1027,3,8,10,3437
1028,3,9,10,3434
1029,4,1,10,3807
1030,4,2,10,3937
1031,4,3,10,3595
1032,4,4,10,4208
1033,4,5,10,4091
1034,4,6,10,3563
1035,4,7,10,3905
1036,4,8,10,3741
1037,4,9,10,3723
1038,4,10,10,3549
1039,4,11,10,3464
1040,5,1,10,5730
1041,5,2,10,5404
1042,5,3,10,5621
1043,5,4,10,5210
1044,5,5,10,4872
1046,5,7,10,5189
1047,5,8,10,4818
1048,6,1,10,4950
1049,6,2,10,4645
1050,6,3,10,4482
1051,6,4,10,4225
1052,6,5,10,4410
1053,6,6,10,4602
1054,6,7,10,4516
1055,6,8,10,4268
1056,6,9,10,4341
1057,6,10,10,4173
1058,7,1,10,4539
1059,7,2,10,4373
1060,7,3,10,4536
1061,7,4,10,4388
1062,7,5,10,4571
1063,7,6,10,4507
1064,7,7,10,4491
1065,7,8,10,4439
1066,7,9,10,4525
1067,8,1,10,3749
1068,8,2,10,3779
1069,8,3,10,3643
1070,8,4,10,3481
1071,8,5,10,3514
1072,8,6,10,3489
1073,8,7,10,3728
1074,8,8,10,3745
1075,8,9,10,3715
1076,8,10,10,3981
1078,9,2,10,3792
1079,9,3,10,3592
1080,9,4,10,3494
1081,9,5,10,3435
1082,9,6,10,3389
1083,9,7,10,3375
1084,9,8,10,3130
1085,9,9,10,3204
1086,9,10,10,3050
1087,9,11,10,3152
1089,9,13,10,3051
1090,10,1,10,4532
1091,10,2,10,3712
1092,10,3,10,3958
1093,10,4,10,3654
1094,10,5,10,3327
1095,10,6,10,3708
1096,10,7,10,3461
1097,10,8,10,3568
1098,10,9,10,3745
1099,10,10,10,3858
1100,1,1,11,5764
1101,1,2,11,5490
1102,1,3,11,5492
1103,1,4,11,5506
1104,1,5,11,5137
1105,1,6,11,5380
1106,1,7,11,5427
1107,1,8,11,5432
1108,1,9,11,5505
1109,2,1,11,4170
1110,2,2,11,4188
1111,2,3,11,4348
1112,2,4,11,4466
1113,2,5,11,4694
1114,2,6,11,4527
1115,2,7,11,4260
1116,2,8,11,3827
1117,2,9,11,3823
1118,2,10,11,3980
1119,2,11,11,3834
1120,3,1,11,3539
1121,3,2,11,3504
1122,3,3,11,3513
1123,3,4,11,3550
1124,3,5,11,3525
1125,3,6,11,3489
1126,3,7,11,3842
1127,3,8,11,3666
1128,3,9,11,3690
1129,4,1,11,4084
1130,4,2,11,4179
1131,4,3,11,3862
1132,4,4,11,4489
1133,4,5,11,4373
1134,4,6,11,3796
1135,4,7,11,4191
1136,4,8,11,3996
1137,4,9,11,3995
1138,4,10,11,3811
1139,4,11,11,3719
1140,5,1,11,6045
1141,5,2,11,5730
1142,5,3,11,5936
1143,5,4,11,5498
1144,5,5,11,5161
1146,5,7,11,5496
1147,5,8,11,5131
1148,6,1,11,5363
1149,6,2,11,5031
1150,6,3,11,4842
1151,6,4,11,4568
1152,6,5,11,4769
1153,6,6,11,4956
1154,6,7,11,4878
1155,6,8,11,4598
1156,6,9,11,4682
1157,6,10,11,4501
1158,7,1,11,4879
1159,7,2,11,4698
1160,7,3,11,4865
1161,7,4,11,4732
1162,7,5,11,4908
1163,7,6,11,4853
1164,7,7,11,4840
1165,7,8,11,4761
1166,7,9,11,4840
1167,8,1,11,4042
1168,8,2,11,4067
1169,8,3,11,3940
1170,8,4,11,3769
1171,8,5,11,3795
1172,8,6,11,3765
1173,8,7,11,4023
1174,8,8,11,4006
1175,8,9,11,3995
1176,8,10,11,4289
1178,9,2,11,4079
1179,9,3,11,3863
1180,9,4,11,3755
1181,9,5,11,3703
1182,9,6,11,3653
1183,9,7,11,3642
1184,9,8,11,3363
1185,9,9,11,3451
1186,9,10,11,3275
1187,9,11,11,3385
1189,9,13,11,3291
1190,10,1,11,4958
1191,10,2,11,3965
1192,10,3,11,4281
1193,10,4,11,3950
1194,10,5,11,3596
1195,10,6,11,3981
1196,10,7,11,3686
1197,10,8,11,3878
1198,10,9,11,4034
1199,10,10,11,4170
1200,1,1,12,6120
1201,1,2,12,5900
1202,1,3,12,5882
1203,1,4,12,5903
1204,1,5,12,5540
1205,1,6,12,5792
1206,1,7,12,5857
1207,1,8,12,5847
1208,1,9,12,5898
1209,2,1,12,4461
1210,2,2,12,4477
1211,2,3,12,4652
1212,2,4,12,4773
1213,2,5,12,5009
1214,2,6,12,4844
1215,2,7,12,4549
1216,2,8,12,4064
1217,2,9,12,4068
1218,2,10,12,4232
1219,2,11,12,4114
1220,3,1,12,3755
1221,3,2,12,3717
1222,3,3,12,3745
1223,3,4,12,3765
1224,3,5,12,3746
1225,3,6,12,3697
1226,3,7,12,4098
1227,3,8,12,3895
1228,3,9,12,3900
1229,4,1,12,4337
1230,4,2,12,4422
1231,4,3,12,4103
1232,4,4,12,4741
1233,4,5,12,4641
1234,4,6,12,4044
1235,4,7,12,4478
1236,4,8,12,4249
1237,4,9,12,4265
1238,4,10,12,4059
1239,4,11,12,3981
1240,5,1,12,6390
1241,5,2,12,6057
1242,5,3,12,6261
1243,5,4,12,5780
1244,5,5,12,5432
1246,5,7,12,5791
1247,5,8,12,5439
1248,6,1,12,5735
1249,6,2,12,5413
1250,6,3,12,5157
1251,6,4,12,4933
1252,6,5,12,5132
1253,6,6,12,5336
1254,6,7,12,5195
1255,6,8,12,4887
1256,6,9,12,5012
1257,6,10,12,4813
1258,7,1,12,5166
1259,7,2,12,5012
1260,7,3,12,5160
1261,7,4,12,5031
1262,7,5,12,5211
1263,7,6,12,5188
1264,7,7,12,5151
1265,7,8,12,5063
1266,7,9,12,5153
1267,8,1,12,4352
1268,8,2,12,4347
1269,8,3,12,4205
1270,8,4,12,4023
1271,8,5,12,4075
1272,8,6,12,4037
1273,8,7,12,4275
1274,8,8,12,4283
1275,8,9,12,4277
1276,8,10,12,4581
1278,9,2,12,4321
1279,9,3,12,4095
1280,9,4,12,3978
1281,9,5,12,3944
1282,9,6,12,3875
1283,9,7,12,3873
1284,9,8,12,3594
1285,9,9,12,3664
1286,9,10,12,3475
1287,9,11,12,3593
1289,9,13,12,3501
1290,10,1,12,5420
1291,10,2,12,4298
1292,10,3,12,4696
1293,10,4,12,4263
1294,10,5,12,3857
1295,10,6,12,4294
1296,10,7,12,3953
1297,10,8,12,4183
1298,10,9,12,4302
1299,10,10,12,4460
1300,1,1,13,6430
1301,1,2,13,6221
1302,1,3,13,6232
1303,1,4,13,6205
1304,1,5,13,5900
1305,1,6,13,6189
1306,1,7,13,6195
1307,1,8,13,6189
1308,1,9,13,6211
1309,2,1,13,4773
1310,2,2,13,4768
1311,2,3,13,4944
1312,2,4,13,5057
1313,2,5,13,5323
1314,2,6,13,5147
1315,2,7,13,4887
1316,2,8,13,4335
1317,2,9,13,4338
1318,2,10,13,4500
1319,2,11,13,4390
1320,3,1,13,3950
1321,3,2,13,3918
1322,3,3,13,3938
1323,3,4,13,3971
1324,3,5,13,3931
1325,3,6,13,3886
1326,3,7,13,4312
1327,3,8,13,4097
1328,3,9,13,4140
1329,4,1,13,4562
1330,4,2,13,4702
1331,4,3,13,4382
1332,4,4,13,5051
1333,4,5,13,4939
1334,4,6,13,4271
1335,4,7,13,4744
1336,4,8,13,4511
1337,4,9,13,4536
1338,4,10,13,4312
1339,4,11,13,4240
1340,5,1,13,6637
1341,5,2,13,6344
1342,5,3,13,6521
1343,5,4,13,6018
1344,5,5,13,5679
1346,5,7,13,6054
1347,5,8,13,5654
1348,6,1,13,6118
1349,6,2,13,5791
1350,6,3,13,5555
1351,6,4,13,5293
1352,6,5,13,5464
1353,6,6,13,5696
1354,6,7,13,5530
1355,6,8,13,5192
1356,6,9,13,5346
1357,6,10,13,5118
1358,7,1,13,5454
1359,7,2,13,5315
1360,7,3,13,5464
1361,7,4,13,5329
1362,7,5,13,5537
1363,7,6,13,5536
1364,7,7,13,5476
1365,7,8,13,5383
1366,7,9,13,5471
1367,8,1,13,4652
1368,8,2,13,4599
1369,8,3,13,4486
1370,8,4,13,4281
1371,8,5,13,4347
1372,8,6,13,4284
1373,8,7,13,4526
1374,8,8,13,4538
1375,8,9,13,4570
1376,8,10,13,4881
1378,9,2,13,4592
1379,9,3,13,4363
1380,9,4,13,4239
1381,9,5,13,4209
1382,9,6,13,4142
1383,9,7,13,4110
1384,9,8,13,3835
1385,9,9,13,3931
1386,9,10,13,3703
1387,9,11,13,3823
1389,9,13,13,3728
1390,10,1,13,5875
1391,10,2,13,4605
1392,10,3,13,4876
1393,10,4,13,4593
1394,10,5,13,4149
1395,10,6,13,4574
1396,10,7,13,4234
1397,10,8,13,4469
1398,10,9,13,4584
1399,10,10,13,4765
1400,1,1,14,6617
1401,1,2,14,6348
1402,1,3,14,6339
1403,1,4,14,6338
1404,1,5,14,6050
1405,1,6,14,6327
1406,1,7,14,6359
1407,1,8,14,6353
1408,1,9,14,6341
1409,2,1,14,4900
1410,2,2,14,4907
1411,2,3,14,5070
1412,2,4,14,5213
1413,2,5,14,5467
1414,2,6,14,5277
1415,2,7,14,5005
1416,2,8,14,4462
1417,2,9,14,4460
1418,2,10,14,4620
1419,2,11,14,4491
1420,3,1,14,4057
1421,3,2,14,4031
1422,3,3,14,4045
1423,3,4,14,4072
1424,3,5,14,4035
1425,3,6,14,3998
1426,3,7,14,4424
1427,3,8,14,4209
1428,3,9,14,4249
1429,4,1,14,4679
1430,4,2,14,4872
1431,4,3,14,4547
1432,4,4,14,5206
1433,4,5,14,5086
1434,4,6,14,4408
1435,4,7,14,4856
1436,4,8,14,4639
1437,4,9,14,4658
1438,4,10,14,4439
1439,4,11,14,4383
1440,5,1,14,6815
1441,5,2,14,6519
1442,5,3,14,6689
1443,5,4,14,6155
1444,5,5,14,5822
1446,5,7,14,6188
1447,5,8,14,5783
1448,6,1,14,6313
1449,6,2,14,5968
1450,6,3,14,5710
1451,6,4,14,5446
1452,6,5,14,5639
1453,6,6,14,5906
1454,6,7,14,5683
1455,6,8,14,5357
1456,6,9,14,5519
1457,6,10,14,5281
1458,7,1,14,5618
1459,7,2,14,5475
1460,7,3,14,5600
1461,7,4,14,5464
1462,7,5,14,5693
1463,7,6,14,5694
1464,7,7,14,5629
1465,7,8,14,5584
1466,7,9,14,5640
1467,8,1,14,4774
1468,8,2,14,4727
1469,8,3,14,4611
1470,8,4,14,4408
1471,8,5,14,4465
1472,8,6,14,4414
1473,8,7,14,4658
1474,8,8,14,4661
1475,8,9,14,4707
1476,8,10,14,5019
1478,9,2,14,4712
1479,9,3,14,4487
1480,9,4,14,4365
1481,9,5,14,4339
1482,9,6,14,4276
1483,9,7,14,4237
1484,9,8,14,3981
1485,9,9,14,4048
1486,9,10,14,3816
1487,9,11,14,3945
1489,9,13,14,3852
1490,10,1,14,6075
1491,10,2,14,4762
1492,10,3,14,5062
1493,10,4,14,4718
1494,10,5,14,4302
1495,10,6,14,4746
1496,10,7,14,4376
1497,10,8,14,4646
1498,10,9,14,4804
1499,10,10,14,4960
1500,1,1,15,6797
1501,1,2,15,6520
1502,1,3,15,6487
1503,1,4,15,6493
1504,1,5,15,6230
1505,1,6,15,6504
1506,1,7,15,6544
1507,1,8,15,6552
1508,1,9,15,6506
1509,2,1,15,5066
1510,2,2,15,5082
1511,2,3,15,5257
1512,2,4,15,5421
1513,2,5,15,5650
1514,2,6,15,5472
1515,2,7,15,5208
1516,2,8,15,4611
1517,2,9,15,4612
1518,2,10,15,4782
1519,2,11,15,4655
1520,3,1,15,4245
1521,3,2,15,4214
1522,3,3,15,4225
1523,3,4,15,4253
1524,3,5,15,4213
1525,3,6,15,4179
1526,3,7,15,4602
1527,3,8,15,4382
1528,3,9,15,4453
1529,4,1,15,4809
1530,4,2,15,5022
1531,4,3,15,4682
1532,4,4,15,5336
1533,4,5,15,5216
1534,4,6,15,4543
1535,4,7,15,5021
1536,4,8,15,4789
1537,4,9,15,4800
1538,4,10,15,4592
1539,4,11,15,4521
1540,5,1,15,7080
1541,5,2,15,6754
1542,5,3,15,6908
1543,5,4,15,6383
1544,5,5,15,6084
1546,5,7,15,6441
1547,5,8,15,6036
1548,6,1,15,6521
1549,6,2,15,6165
1550,6,3,15,5949
1551,6,4,15,5640
1552,6,5,15,5809
1553,6,6,15,6111
1554,6,7,15,5890
1555,6,8,15,5537
1556,6,9,15,5696
1557,6,10,15,5461
1558,7,1,15,5795
1559,7,2,15,5687
1560,7,3,15,5800
1561,7,4,15,5650
1562,7,5,15,5910
1563,7,6,15,5889
1564,7,7,15,5821
1565,7,8,15,5789
1566,7,9,15,5873
1567,8,1,15,4927
1568,8,2,15,4862
1569,8,3,15,4771
1570,8,4,15,4554
1571,8,5,15,4627
1572,8,6,15,4565
1573,8,7,15,4811
1574,8,8,15,4816
1575,8,9,15,4860
1576,8,10,15,5154
1578,9,2,15,4889
1579,9,3,15,4655
1580,9,4,15,4513
1581,9,5,15,4493
1582,9,6,15,4408
1583,9,7,15,4370
1584,9,8,15,4105
1585,9,9,15,4182
1586,9,10,15,3925
1587,9,11,15,4075
1589,9,13,15,3972
1590,10,1,15,6303
1591,10,2,15,4972
1592,10,3,15,5239
1593,10,4,15,4902
1594,10,5,15,4434
1595,10,6,15,4934
1596,10,7,15,4519
1597,10,8,15,4812
1598,10,9,15,4982
1599,10,10,15,5111
1600,1,1,16,6975
1601,1,2,16,6710
1602,1,3,16,6679
1603,1,4,16,6670
1604,1,5,16,6454
1605,1,6,16,6697
1606,1,7,16,6724
1607,1,8,16,6767
1608,1,9,16,6686
1609,2,1,16,5247
1610,2,2,16,5264
1611,2,3,16,5433
1612,2,4,16,5609
1613,2,5,16,5851
1614,2,6,16,5637
1615,2,7,16,5381
1616,2,8,16,4746
1617,2,9,16,4769
1618,2,10,16,4933
1619,2,11,16,4839
1620,3,1,16,4434
1621,3,2,16,4383
1622,3,3,16,4441
1623,3,4,16,4435
1624,3,5,16,4378
1625,3,6,16,4348
1626,3,7,16,4819
1627,3,8,16,4575
1628,3,9,16,4639
1629,4,1,16,4921
1630,4,2,16,5137
1631,4,3,16,4830
1632,4,4,16,5483
1633,4,5,16,5373
1634,4,6,16,4664
1635,4,7,16,5173
1636,4,8,16,4941
1637,4,9,16,4946
1638,4,10,16,4722
1639,4,11,16,4658
1640,5,1,16,7269
1641,5,2,16,6932
1642,5,3,16,7102
1643,5,4,16,6591
1644,5,5,16,6281
1646,5,7,16,6641
1647,5,8,16,6229
1648,6,1,16,6761
1649,6,2,16,6368
1650,6,3,16,6114
1651,6,4,16,5791
1652,6,5,16,5979
1653,6,6,16,6279
1654,6,7,16,6028
1655,6,8,16,5697
1656,6,9,16,5876
1657,6,10,16,5625
1658,7,1,16,6020
1659,7,2,16,5902
1660,7,3,16,6020
1661,7,4,16,5856
1662,7,5,16,6121
1663,7,6,16,6099
1664,7,7,16,6027
1665,7,8,16,6003
1666,7,9,16,6073
1667,8,1,16,5141
1668,8,2,16,5044
1669,8,3,16,4943
1670,8,4,16,4724
1671,8,5,16,4799
1672,8,6,16,4725
1673,8,7,16,4983
1674,8,8,16,5011
1675,8,9,16,5052
1676,8,10,16,5364
1678,9,2,16,5012
1679,9,3,16,4786
1680,9,4,16,4645
1681,9,5,16,4621
1682,9,6,16,4541
1683,9,7,16,4486
1684,9,8,16,4225
1685,9,9,16,4303
1686,9,10,16,4037
1687,9,11,16,4193
1689,9,13,16,4093
1690,10,1,16,6537
1691,10,2,16,5137
1692,10,3,16,5416
1693,10,4,16,5067
1694,10,5,16,4541
1695,10,6,16,5055
1696,10,7,16,4648
1697,10,8,16,4941
1698,10,9,16,5139
1699,10,10,16,5241
1700,1,1,17,7244
1701,1,2,17,6993
1702,1,3,17,6948
1703,1,4,17,6925
1704,1,5,17,6727
1705,1,6,17,6975
1706,1,7,17,7012
1707,1,8,17,7052
1708,1,9,17,6953
1709,2,1,17,5466
1710,2,2,17,5487
1711,2,3,17,5667
1712,2,4,17,5817
1713,2,5,17,6051
1714,2,6,17,5860
1715,2,7,17,5575
1716,2,8,17,4939
1717,2,9,17,4930
1718,2,10,17,5113
1719,2,11,17,5002
1720,3,1,17,4617
1721,3,2,17,4571
1722,3,3,17,4648
1723,3,4,17,4646
1724,3,5,17,4582
1725,3,6,17,4546
1726,3,7,17,5035
1727,3,8,17,4784
1728,3,9,17,4876
1729,4,1,17,5156
1730,4,2,17,5375
1731,4,3,17,5082
1732,4,4,17,5714
1733,4,5,17,5599
1734,4,6,17,4868
1735,4,7,17,5425
1736,4,8,17,5172
1737,4,9,17,5171
1738,4,10,17,4957
1739,4,11,17,4838
1740,5,1,17,7505
1741,5,2,17,7164
1742,5,3,17,7341
1743,5,4,17,6810
1744,5,5,17,6489
1746,5,7,17,6851
1747,5,8,17,6446
1748,6,1,17,7106
1749,6,2,17,6718
1750,6,3,17,6454
1751,6,4,17,6100
1752,6,5,17,6320
1753,6,6,17,6614
1754,6,7,17,6320
1755,6,8,17,5967
1756,6,9,17,6157
1757,6,10,17,5918
1758,7,1,17,6311
1759,7,2,17,6206
1760,7,3,17,6306
1761,7,4,17,6144
1762,7,5,17,6411
1763,7,6,17,6392
1764,7,7,17,6307
1765,7,8,17,6312
1766,7,9,17,6367
1767,8,1,17,5324
1768,8,2,17,5241
1769,8,3,17,5143
1770,8,4,17,4901
1771,8,5,17,4979
1772,8,6,17,4910
1773,8,7,17,5180
1774,8,8,17,5205
1775,8,9,17,5235
1776,8,10,17,5571
1778,9,2,17,5218
1779,9,3,17,4981
1780,9,4,17,4835
1781,9,5,17,4822
1782,9,6,17,4728
1783,9,7,17,4652
1784,9,8,17,4390
1785,9,9,17,4473
1786,9,10,17,4192
1787,9,11,17,4364
1789,9,13,17,4253
1790,10,1,17,6868
1791,10,2,17,5380
1792,10,3,17,5652
1793,10,4,17,5322
1794,10,5,17,4706
1795,10,6,17,5251
1796,10,7,17,4819
1797,10,8,17,5139
1798,10,9,17,5382
1799,10,10,17,5448
1800,1,1,18,7600
1801,1,2,18,7388
1802,1,3,18,7329
1803,1,4,18,7325
1804,1,5,18,7130
1805,1,6,18,7395
1806,1,7,18,7409
1807,1,8,18,7465
1808,1,9,18,7353
1809,2,1,18,5744
1810,2,2,18,5724
1811,2,3,18,5879
1812,2,4,18,6087
1813,2,5,18,6346
1814,2,6,18,6107
1815,2,7,18,5833
1816,2,8,18,5145
1817,2,9,18,5156
1818,2,10,18,5319
1819,2,11,18,5224
1820,3,1,18,4846
1821,3,2,18,4777
1822,3,3,18,4862
1823,3,4,18,4866
1824,3,5,18,4782
1825,3,6,18,4751
1826,3,7,18,5255
1827,3,8,18,4995
1828,3,9,18,5093
1829,4,1,18,5456
1830,4,2,18,5682
1831,4,3,18,5385
1832,4,4,18,6016
1833,4,5,18,5923
1834,4,6,18,5171
1835,4,7,18,5766
1836,4,8,18,5487
1837,4,9,18,5501
1838,4,10,18,5269
1839,4,11,18,5134
1840,5,1,18,7840
1841,5,2,18,7514
1842,5,3,18,7721
1844,5,5,18,6846
1846,5,7,18,7188
1847,5,8,18,6764
1848,6,1,18,7473
1849,6,2,18,7056
1850,6,3,18,6809
1851,6,4,18,6415
1852,6,5,18,6647
1853,6,6,18,6942
1854,6,7,18,6636
1855,6,8,18,6290
1856,6,9,18,6499
1857,6,10,18,6283
1858,7,1,18,6660
1859,7,2,18,6532
1860,7,3,18,6668
1861,7,4,18,6465
1862,7,5,18,6762
1863,7,6,18,6774
1864,7,7,18,6686
1865,7,8,18,6686
1866,7,9,18,6753
1867,8,1,18,5604
1868,8,2,18,5491
1869,8,3,18,5415
1870,8,4,18,5159
1871,8,5,18,5267
1872,8,6,18,5165
1873,8,7,18,5433
1874,8,8,18,5456
1875,8,9,18,5499
1876,8,10,18,5844
1878,9,2,18,5521
1879,9,3,18,5265
1880,9,4,18,5104
1881,9,5,18,5105
1882,9,6,18,5007
1883,9,7,18,4908
1884,9,8,18,4636
1885,9,9,18,4722
1886,9,10,18,4425
1887,9,11,18,4606
1889,9,13,18,4486
1890,10,1,18,7222
1891,10,2,18,5657
1892,10,3,18,5922
1893,10,4,18,5612
1894,10,5,18,4919
1895,10,6,18,5469
1896,10,7,18,5091
1897,10,8,18,5394
1898,10,9,18,5677
1899,10,10,18,5695
1900,1,1,19,7900
1901,1,2,19,7676
1902,1,3,19,7630
1903,1,4,19,7655
1904,1,5,19,7419
1905,1,6,19,7667
1906,1,7,19,7680
1907,1,8,19,7775
1908,1,9,19,7665
1909,2,1,19,6001
1910,2,2,19,5997
1911,2,3,19,6114
1912,2,4,19,6363
1914,2,6,19,6351
1915,2,7,19,6080
1916,2,8,19,5389
1917,2,9,19,5393
1918,2,10,19,5574
1919,2,11,19,5450
1920,3,1,19,5043
1921,3,2,19,4972
1922,3,3,19,5036
1923,3,4,19,5052
1924,3,5,19,4964
1925,3,6,19,4933
1926,3,7,19,5453
1927,3,8,19,5211
1928,3,9,19,5286
1929,4,1,19,5682
1930,4,2,19,5940
1931,4,3,19,5637
1932,4,4,19,6283
1933,4,5,19,6159
1934,4,6,19,5423
1935,4,7,19,6035
1936,4,8,19,5705
1937,4,9,19,5736
1938,4,10,19,5497
1939,4,11,19,5353
1940,5,1,19,8172
1941,5,2,19,7822
1942,5,3,19,8037
1943,5,4,19,7131
1944,5,5,19,7134
1946,5,7,19,7501
1947,5,8,19,7018
1948,6,1,19,7791
1949,6,2,19,7323
1950,6,3,19,7057
1951,6,4,19,6666
1952,6,5,19,6907
1953,6,6,19,7209
1954,6,7,19,6871
1955,6,8,19,6523
1956,6,9,19,6756
1957,6,10,19,6533
1958,7,1,19,7066
1959,7,2,19,6892
1960,7,3,19,7013
1961,7,4,19,6834
1962,7,5,19,7140
1963,7,6,19,7144
1964,7,7,19,7022
1965,7,8,19,7057
1966,7,9,19,7108
1967,8,1,19,5849
1968,8,2,19,5717
1969,8,3,19,5631
1970,8,4,19,5409
1971,8,5,19,5499
1972,8,6,19,5400
1973,8,7,19,5663
1974,8,8,19,5698
1975,8,9,19,5739
1976,8,10,19,6093
1978,9,2,19,5794
1979,9,3,19,5533
1980,9,4,19,5384
1981,9,5,19,5371
1982,9,6,19,5272
1983,9,7,19,5163
1984,9,8,19,4863
1985,9,9,19,4959
1986,9,10,19,4678
1987,9,11,19,4835
1989,9,13,19,4755
1990,10,1,19,7527
1991,10,2,19,5893
1992,10,3,19,6146
1993,10,4,19,5862
1994,10,5,19,5096
1995,10,6,19,5673
1996,10,7,19,5306
1997,10,8,19,5588
1998,10,9,19,5887
1999,10,10,19,5890
2000,1,1,20,8060
2001,1,2,20,7828
2002,1,3,20,7765
2003,1,4,20,7793
2004,1,5,20,7582
2005,1,6,20,7820
2006,1,7,20,7842
2007,1,8,20,7930
2008,1,9,20,7840
2009,2,1,20,6191
2010,2,2,20,6174
2011,2,3,20,6307
2012,2,4,20,6562
2014,2,6,20,6548
2015,2,7,20,6270
2017,2,9,20,5553
2018,2,10,20,5723
2019,2,11,20,5626
2020,3,1,20,5220
2021,3,2,20,5144
2022,3,3,20,5221
2023,3,4,20,5252
2024,3,5,20,5156
2025,3,6,20,5108
2026,3,7,20,5673
2027,3,8,20,5406
2028,3,9,20,5486
2029,4,1,20,5817
2030,4,2,20,6095
2031,4,3,20,5765
2032,4,4,20,6474
2033,4,5,20,6296
2034,4,6,20,5564
2035,4,7,20,6211
2036,4,8,20,5836
2037,4,9,20,5888
2038,4,10,20,5636
2039,4,11,20,5491
2040,5,1,20,8432
2041,5,2,20,8069
2042,5,3,20,8289
2043,5,4,20,7356
2044,5,5,20,7399
2046,5,7,20,7738
2047,5,8,20,7308
2048,6,1,20,7975
2049,6,2,20,7526
2050,6,3,20,7250
2051,6,4,20,6851
2052,6,5,20,7120
2053,6,6,20,7424
2054,6,7,20,7036
2055,6,8,20,6692
2056,6,9,20,6941
2057,6,10,20,6691
2058,7,1,20,7237
2059,7,2,20,7062
2060,7,3,20,7186
2061,7,4,20,7002
2062,7,5,20,7345
2063,7,6,20,7329
2064,7,7,20,7224
2065,7,8,20,7239
2066,7,9,20,7328
2067,8,1,20,6034
2068,8,2,20,5877
2069,8,3,20,5811
2070,8,4,20,5578
2071,8,5,20,5674
2072,8,6,20,5575
2073,8,7,20,5840
2074,8,8,20,5848
2075,8,9,20,5915
2076,8,10,20,6258
2078,9,2,20,5950
2079,9,3,20,5711
2080,9,4,20,5539
2081,9,5,20,5535
2082,9,6,20,5421
2083,9,7,20,5284
2084,9,8,20,4994
2085,9,9,20,5095
2086,9,10,20,4808
2087,9,11,20,4985
2089,9,13,20,4871
2090,10,1,20,7763
2091,10,2,20,6065
2092,10,3,20,6326
2093,10,4,20,6068
2094,10,5,20,5249
2095,10,6,20,5834
2096,10,7,20,5484
2097,10,8,20,5749
2098,10,9,20,6082
2099,10,10,20,6086
2100,1,1,21,8250
2101,1,2,21,8021
2102,1,3,21,7939
2103,1,4,21,7975
2104,1,5,21,7782
2105,1,6,21,8020
2106,1,7,21,8045
2107,1,8,21,8127
2108,1,9,21,8050
2109,2,1,21,6358
2110,2,2,21,6346
2111,2,3,21,6459
2112,2,4,21,6748
2114,2,6,21,6747
2115,2,7,21,6452
2117,2,9,21,5714
2118,2,10,21,5885
2119,2,11,21,5794
2120,3,1,21,5390
2121,3,2,21,5315
2122,3,3,21,5420
2123,3,4,21,5472
2124,3,5,21,5339
2125,3,6,21,5277
2126,3,7,21,5892
2127,3,8,21,5582
2128,3,9,21,5742
2129,4,1,21,5959
2130,4,2,21,6244
2131,4,3,21,5911
2132,4,4,21,6634
2133,4,5,21,6454
2134,4,6,21,5703
2135,4,7,21,6365
2136,4,8,21,5951
2137,4,9,21,6044
2138,4,10,21,5776
2139,4,11,21,5624
2140,5,1,21,8652
2141,5,2,21,8269
2142,5,3,21,8513
2143,5,4,21,7571
2144,5,5,21,7597
2146,5,7,21,7941
2147,5,8,21,7503
2148,6,1,21,8218
2149,6,2,21,7711
2150,6,3,21,7407
2151,6,4,21,7031
2152,6,5,21,7272
2153,6,6,21,7592
2154,6,7,21,7213
2155,6,8,21,6860
2156,6,9,21,7114
2157,6,10,21,6895
2158,7,1,21,7433
2159,7,2,21,7270
2160,7,3,21,7391
2161,7,4,21,7207
2162,7,5,21,7563
2163,7,6,21,7535
2164,7,7,21,7414
2165,7,8,21,7467
2166,7,9,21,7538
2167,8,1,21,6192
2168,8,2,21,6066
2169,8,3,21,5980
2170,8,4,21,5761
2171,8,5,21,5832
2172,8,6,21,5737
2173,8,7,21,6036
2174,8,8,21,6046
2175,8,9,21,6102
2176,8,10,21,6428
2178,9,2,21,6071
2179,9,3,21,5843
2180,9,4,21,5675
2181,9,5,21,5668
2182,9,6,21,5545
2183,9,7,21,5385
2184,9,8,21,5102
2185,9,9,21,5200
2186,9,10,21,4922
2187,9,11,21,5091
2189,9,13,21,4985
2190,10,1,21,7973
2191,10,2,21,6258
2192,10,3,21,6517
2193,10,4,21,6265
2194,10,5,21,5426
2195,10,6,21,6028
2196,10,7,21,5633
2197,10,8,21,5904
2198,10,9,21,6309
2199,10,10,21,6266
2200,1,1,22,8485
2201,1,2,22,8286
2202,1,3,22,8200
2203,1,4,22,8225
2204,1,5,22,8064
2205,1,6,22,8284
2206,1,7,22,8325
2207,1,8,22,8382
2208,1,9,22,8320
2209,2,1,22,6579
2210,2,2,22,6555
2211,2,3,22,6694
2212,2,4,22,6957
2214,2,6,22,6972
2215,2,7,22,6647
2217,2,9,22,5894
2218,2,10,22,6064
2219,2,11,22,5965
2220,3,1,22,5580
2221,3,2,22,5462
2222,3,3,22,5602
2223,3,4,22,5628
2224,3,5,22,5486
2225,3,6,22,5435
2226,3,7,22,6069
2227,3,8,22,5777
2228,3,9,22,5920
2229,4,1,22,6161
2230,4,2,22,6474
2231,4,3,22,6115
2232,4,4,22,6848
2233,4,5,22,6661
2234,4,6,22,5901
2235,4,7,22,6586
2236,4,8,22,6144
2237,4,9,22,6276
2238,4,10,22,6012
2239,4,11,22,5844
2240,5,1,22,8884
2241,5,2,22,8519
2242,5,3,22,8754
2243,5,4,22,7823
2244,5,5,22,7831
2246,5,7,22,8171
2247,5,8,22,7721
2248,6,1,22,8506
2249,6,2,22,8003
2250,6,3,22,7695
2251,6,4,22,7303
2252,6,5,22,7555
2253,6,6,22,7867
2254,6,7,22,7493
2255,6,8,22,7108
2256,6,9,22,7379
2257,6,10,22,7175
2258,7,1,22,7712
2259,7,2,22,7546
2260,7,3,22,7652
2261,7,4,22,7482
2262,7,5,22,7850
2263,7,6,22,7839
2264,7,7,22,7695
2265,7,8,22,7758
2266,7,9,22,7848
2267,8,1,22,6411
2268,8,2,22,6264
2269,8,3,22,6153
2270,8,4,22,5956
2271,8,5,22,6024
2272,8,6,22,5942
2273,8,7,22,6226
2274,8,8,22,6236
2275,8,9,22,6309
2276,8,10,22,6639
2278,9,2,22,6249
2279,9,3,22,6018
2280,9,4,22,5852
2282,9,6,22,5719
2283,9,7,22,5556
2284,9,8,22,5270
2285,9,9,22,5363
2286,9,10,22,5090
2287,9,11,22,5262
2289,9,13,22,5131
2290,10,1,22,8245
2291,10,2,22,6532
2292,10,3,22,6791
2293,10,4,22,6523
2294,10,5,22,5646
2295,10,6,22,6216
2296,10,7,22,5809
2297,10,8,22,6154
2298,10,9,22,6611
2299,10,10,22,6555
2300,1,1,23,8880
2301,1,2,23,8696
2302,1,3,23,8594
2303,1,4,23,8646
2304,1,5,23,8459
2305,1,6,23,8697
2306,1,7,23,8722
2307,1,8,23,8822
2308,1,9,23,8743
2309,2,1,23,6863
2310,2,2,23,6807
2311,2,3,23,6939
2312,2,4,23,7246
2314,2,6,23,7276
2315,2,7,23,6914
2317,2,9,23,6101
2318,2,10,23,6281
2319,2,11,23,6194
2320,3,1,23,5794
2321,3,2,23,5646
2322,3,3,23,5806
2323,3,4,23,5814
2324,3,5,23,5670
2325,3,6,23,5640
2326,3,7,23,6282
2327,3,8,23,5988
2328,3,9,23,6134
2329,4,1,23,6439
2330,4,2,23,6782
2331,4,3,23,6400
2332,4,4,23,7159
2333,4,5,23,6961
2334,4,6,23,6196
2335,4,7,23,6925
2336,4,8,23,6446
2337,4,9,23,6595
2338,4,10,23,6297
2339,4,11,23,6143
2340,5,1,23,9237
2341,5,2,23,8835
2342,5,3,23,9124
2343,5,4,23,8156
2344,5,5,23,8161
2346,5,7,23,8494
2347,5,8,23,8043
2348,6,1,23,8870
2349,6,2,23,8331
2350,6,3,23,8032
2351,6,4,23,7636
2352,6,5,23,7882
2353,6,6,23,8212
2354,6,7,23,7805
2355,6,8,23,7440
2356,6,9,23,7709
2357,6,10,23,7481
2358,7,1,23,8063
2359,7,2,23,7872
2360,7,3,23,7986
2361,7,4,23,7803
2362,7,5,23,8166
2363,7,6,23,8190
2364,7,7,23,8046
2365,7,8,23,8117
2366,7,9,23,8203
2367,8,1,23,6671
2368,8,2,23,6534
2369,8,3,23,6428
2370,8,4,23,6234
2371,8,5,23,6269
2372,8,6,23,6214
2373,8,7,23,6508
2374,8,8,23,6518
2375,8,9,23,6594
2376,8,10,23,6915
2378,9,2,23,6518
2379,9,3,23,6293
2380,9,4,23,6123
2382,9,6,23,5990
2383,9,7,23,5826
2384,9,8,23,5507
2385,9,9,23,5596
2386,9,10,23,5351
2387,9,11,23,5521
2389,9,13,23,5374
2390,10,1,23,8568
2391,10,2,23,6887
2392,10,3,23,7061
2393,10,4,23,6793
2394,10,5,23,5881
2395,10,6,23,6496
2396,10,7,23,6094
2397,10,8,23,6453
2398,10,9,23,6862
2399,10,10,23,6841
2400,1,1,24,9580
2401,1,2,24,9341
2402,1,3,24,9317
2403,1,4,24,9370
2404,1,5,24,9067
2405,1,6,24,9374
2406,1,7,24,9347
2407,1,8,24,9449
2408,1,9,24,9410
2409,2,1,24,7393
2410,2,2,24,7329
2411,2,3,24,7425
2412,2,4,24,7776
2414,2,6,24,7805
2415,2,7,24,7415
2417,2,9,24,6537
2418,2,10,24,6761
2419,2,11,24,6648
2420,3,1,24,6165
2421,3,2,24,5990
2422,3,3,24,6179
2423,3,4,24,6185
2424,3,5,24,6021
2425,3,6,24,5981
2426,3,7,24,6673
2427,3,8,24,6370
2428,3,9,24,6517
2429,4,1,24,6936
2430,4,2,24,7294
2431,4,3,24,6873
2432,4,4,24,7688
2433,4,5,24,7473
2434,4,6,24,6699
2435,4,7,24,7468
2436,4,8,24,6954
2437,4,9,24,7095
2438,4,10,24,6742
2439,4,11,24,6654
2440,5,1,24,9914
2441,5,2,24,9464
2442,5,3,24,9774
2443,5,4,24,8730
2444,5,5,24,8686
2446,5,7,24,9069
2447,5,8,24,8638
2448,6,1,24,9441
2449,6,2,24,8846
2450,6,3,24,8515
2451,6,4,24,8131
2452,6,5,24,8379
2453,6,6,24,8716
2454,6,7,24,8303
2455,6,8,24,7873
2456,6,9,24,8167
2457,6,10,24,7938
2458,7,1,24,8674
2459,7,2,24,8534
2460,7,3,24,8610
2461,7,4,24,8399
2462,7,5,24,8809
2463,7,6,24,8805
2464,7,7,24,8666
2465,7,8,24,8747
2466,7,9,24,8821
2467,8,1,24,7129
2468,8,2,24,6976
2469,8,3,24,6858
2470,8,4,24,6664
2471,8,5,24,6707
2472,8,6,24,6620
2473,8,7,24,6943
2474,8,8,24,6940
2475,8,9,24,7067
2476,8,10,24,7368
2478,9,2,24,6927
2479,9,3,24,6734
2480,9,4,24,6544
2482,9,6,24,6397
2483,9,7,24,6209
2484,9,8,24,5889
2485,9,9,24,5965
2486,9,10,24,5736
2487,9,11,24,5916
2489,9,13,24,5724
2490,10,1,24,9168
2491,10,2,24,7407
2492,10,3,24,7519
2493,10,4,24,7343
2494,10,5,24,6297
2495,10,6,24,6981
2496,10,7,24,6479
2497,10,8,24,6911
2498,10,9,24,7312
2499,10,10,24,7396
2500,1,1,25,10089
2501,1,2,25,9786
2502,1,3,25,9732
2503,1,4,25,9761
2504,1,5,25,9462
2505,1,6,25,9820
2506,1,7,25,9764
2507,1,8,25,9867
2508,1,9,25,9846
2509,2,1,25,7737
2510,2,2,25,7685
2511,2,3,25,7770
2512,2,4,25,8132
2514,2,6,25,8155
2515,2,7,25,7737
2517,2,9,25,6834
2518,2,10,25,7068
2519,2,11,25,6961
2520,3,1,25,6457
2521,3,2,25,6214
2522,3,3,25,6417
2523,3,4,25,6452
2524,3,5,25,6254
2525,3,6,25,6217
2526,3,7,25,6953
2527,3,8,25,6634
2528,3,9,25,6786
2529,4,1,25,7294
2530,4,2,25,7667
2531,4,3,25,7248
2532,4,4,25,8064
2533,4,5,25,7866
2534,4,6,25,7053
2535,4,7,25,7823
2536,4,8,25,7322
2537,4,9,25,7461
2538,4,10,25,7076
2539,4,11,25,7001
2540,5,1,25,10405
2541,5,2,25,9904
2542,5,3,25,10216
2543,5,4,25,9116
2544,5,5,25,9107
2546,5,7,25,9474
2547,5,8,25,9023
2548,6,1,25,9905
2549,6,2,25,9291
2550,6,3,25,8952
2551,6,4,25,8565
2552,6,5,25,8839
2553,6,6,25,9147
2554,6,7,25,8686
2555,6,8,25,8240
2556,6,9,25,8606
2557,6,10,25,8353
2558,7,1,25,9256
2559,7,2,25,9063
2560,7,3,25,9129
2561,7,4,25,8918
2562,7,5,25,9356
2563,7,6,25,9334
2564,7,7,25,9209
2565,7,8,25,9283
2566,7,9,25,9336
2567,8,1,25,7459
2568,8,2,25,7307
2569,8,3,25,7238
2570,8,4,25,7063
2571,8,5,25,7060
2572,8,6,25,6985
2573,8,7,25,7291
2574,8,8,25,7276
2575,8,9,25,7424
2576,8,10,25,7750
2578,9,2,25,7266
2579,9,3,25,7043
2580,9,4,25,6834
2582,9,6,25,6708
2583,9,7,25,6471
2584,9,8,25,6167
2585,9,9,25,6235
2586,9,10,25,6000
2587,9,11,25,6175
2589,9,13,25,6034
2590,10,1,25,9628
2591,10,2,25,7833
2592,10,3,25,7929
2593,10,4,25,7758
2594,10,5,25,6684
2595,10,6,25,7338
2596,10,7,25,6783
2597,10,8,25,7308
2598,10,9,25,7709
2599,10,10,25,7860
2600,1,1,26,10462
2601,1,2,26,10203
2602,1,3,26,10147
2603,1,4,26,10141
2604,1,5,26,9910
2605,1,6,26,10207
2606,1,7,26,10210
2607,1,8,26,10245
2608,1,9,26,10291
2609,2,1,26,7950
2610,2,2,26,7922
2611,2,3,26,8021
2612,2,4,26,8377
2614,2,6,26,8412
2615,2,7,26,7990
2617,2,9,26,7015
2618,2,10,26,7294
2619,2,11,26,7147
2629,4,1,26,7549
2630,4,2,26,7929
2631,4,3,26,7487
2632,4,4,26,8319
2633,4,5,26,8131
2634,4,6,26,7301
2635,4,7,26,8076
2636,4,8,26,7590
2637,4,9,26,7753
2638,4,10,26,7319
2639,4,11,26,7231
2640,5,1,26,10797
2641,5,2,26,10287
2642,5,3,26,10552
2643,5,4,26,9435
2646,5,7,26,9781
2647,5,8,26,9329
2648,6,1,26,10268
2649,6,2,26,9617
2650,6,3,26,9307
2651,6,4,26,8913
2652,6,5,26,9164
2653,6,6,26,9491
2654,6,7,26,9028
2655,6,8,26,8538
2656,6,9,26,8919
2657,6,10,26,8706
2658,7,1,26,9655
2659,7,2,26,9439
2660,7,3,26,9507
2661,7,4,26,9278
2662,7,5,26,9752
2663,7,6,26,9735
2664,7,7,26,9610
2665,7,8,26,9678
2666,7,9,26,9719
2667,8,1,26,7729
2668,8,2,26,7596
2669,8,3,26,7551
2670,8,4,26,7339
2671,8,5,26,7344
2672,8,6,26,7250
2673,8,7,26,7576
2674,8,8,26,7551
2675,8,9,26,7712
2676,8,10,26,8050
2678,9,2,26,7504
2679,9,3,26,7266
2680,9,4,26,7042
2682,9,6,26,6934
2683,9,7,26,6671
2684,9,8,26,6386
2685,9,9,26,6442
2686,9,10,26,6198
2687,9,11,26,6395
2689,9,13,26,6263
2690,10,1,26,9896
2691,10,2,26,8147
2692,10,3,26,8277
2693,10,4,26,8065
2694,10,5,26,6899
2695,10,6,26,7556
2696,10,7,26,7024
2697,10,8,26,7581
2698,10,9,26,7959
2700,1,1,27,10850
2701,1,2,27,10593
2702,1,3,27,10530
2703,1,4,27,10493
2704,1,5,27,10310
2705,1,6,27,10570
2706,1,7,27,10602
2707,1,8,27,10622
2708,1,9,27,10693
2709,2,1,27,8172
2710,2,2,27,8146
2711,2,3,27,8277
2712,2,4,27,8616
2714,2,6,27,8623
2715,2,7,27,8209
2717,2,9,27,7203
2718,2,10,27,7515
2719,2,11,27,7342
2720,3,1,27,6664
2721,3,2,27,6437
2722,3,3,27,6636
2723,3,4,27,6647
2724,3,5,27,6477
2725,3,6,27,6437
2726,3,7,27,7191
2727,3,8,27,6880
2728,3,9,27,7029
2729,4,1,27,7789
2730,4,2,27,8194
2731,4,3,27,7718
2732,4,4,27,8571
2733,4,5,27,8391
2734,4,6,27,7533
2735,4,7,27,8346
2736,4,8,27,7837
2737,4,9,27,8005
2738,4,10,27,7572
2739,4,11,27,7471
2740,5,1,27,11107
2741,5,2,27,10584
2742,5,3,27,10835
2743,5,4,27,9705
2744,5,5,27,9392
2746,5,7,27,10049
2747,5,8,27,9584
2748,6,1,27,10620
2749,6,2,27,9947
2750,6,3,27,9697
2751,6,4,27,9263
2752,6,5,27,9545
2753,6,6,27,9846
2754,6,7,27,9361
2755,6,8,27,8867
2756,6,9,27,9232
2757,6,10,27,9061
2758,7,1,27,10020
2759,7,2,27,9801
2760,7,3,27,9867
2761,7,4,27,9645
2762,7,5,27,10137
2763,7,6,27,10107
2764,7,7,27,9973
2765,7,8,27,10058
2766,7,9,27,10092
2767,8,1,27,7964
2768,8,2,27,7799
2769,8,3,27,7820
2770,8,4,27,7594
2771,8,5,27,7580
2772,8,6,27,7492
2773,8,7,27,7806
2774,8,8,27,7788
2775,8,9,27,7949
2776,8,10,27,8337
2778,9,2,27,7719
2779,9,3,27,7482
2780,9,4,27,7240
2782,9,6,27,7144
2783,9,7,27,6860
2784,9,8,27,6574
2785,9,9,27,6622
2786,9,10,27,6391
2787,9,11,27,6603
2789,9,13,27,6467
2790,10,1,27,10148
2791,10,2,27,8420
2792,10,3,27,8549
2793,10,4,27,8338
2794,10,5,27,7114
2795,10,6,27,7759
2796,10,7,27,7249
2797,10,8,27,7838
2798,10,9,27,8200
2799,10,10,27,8188
2800,1,1,28,11137
2801,1,2,28,10846
2802,1,3,28,10832
2803,1,4,28,10813
2804,1,5,28,10569
2805,1,6,28,10799
2806,1,7,28,10850
2807,1,8,28,10864
2808,1,9,28,10951
2809,2,1,28,8378
2810,2,2,28,8338
2811,2,3,28,8475
2812,2,4,28,8842
2814,2,6,28,8825
2815,2,7,28,8411
2817,2,9,28,7376
2818,2,10,28,7680
2819,2,11,28,7504
2820,3,1,28,6841
2821,3,2,28,6570
2822,3,3,28,6797
2823,3,4,28,6812
2824,3,5,28,6619
2825,3,6,28,6598
2826,3,7,28,7332
2827,3,8,28,7037
2828,3,9,28,7188
2829,4,1,28,8012
2830,4,2,28,8409
2831,4,3,28,7930
2832,4,4,28,8819
2833,4,5,28,8619
2834,4,6,28,7753
2835,4,7,28,8625
2836,4,8,28,8075
2837,4,9,28,8226
2838,4,10,28,7804
2839,4,11,28,7676
2840,5,1,28,11430
2841,5,2,28,10869
2842,5,3,28,11127
2843,5,4,28,9943
2844,5,5,28,9632
2846,5,7,28,10351
2847,5,8,28,9806
2848,6,1,28,10768
2849,6,2,28,10248
2850,6,3,28,9907
2851,6,4,28,9481
2852,6,5,28,9734
2853,6,6,28,10051
2854,6,7,28,9588
2855,6,8,28,9082
2856,6,9,28,9412
2857,6,10,28,9268
2858,7,1,28,10309
2859,7,2,28,10045
2860,7,3,28,10104
2861,7,4,28,9884
2862,7,5,28,10377
2863,7,6,28,10373
2864,7,7,28,10234
2865,7,8,28,10303
2866,7,9,28,10327
2867,8,1,28,8161
2868,8,2,28,8044
2869,8,3,28,8025
2870,8,4,28,7791
2871,8,5,28,7797
2872,8,6,28,7714
2873,8,7,28,8048
2874,8,8,28,7988
2875,8,9,28,8184
2876,8,10,28,8558
2878,9,2,28,7952
2879,9,3,28,7702
2880,9,4,28,7456
2882,9,6,28,7368
2883,9,7,28,7050
2884,9,8,28,6774
2885,9,9,28,6811
2886,9,10,28,6590
2887,9,11,28,6813
2889,9,13,28,6656
2890,10,1,28,10412
2891,10,2,28,8618
2892,10,3,28,8809
2893,10,4,28,8607
2894,10,5,28,7319
2895,10,6,28,7994
2896,10,7,28,7438
2897,10,8,28,8033
2898,10,9,28,8374
2899,10,10,28,8413
2900,1,1,29,11467
2901,1,2,29,11138
2902,1,3,29,11140
2903,1,4,29,11088
2904,1,5,29,10844
2905,1,6,29,11124
2906,1,7,29,11145
2907,1,8,29,11185
2908,1,9,29,11258
2909,2,1,29,8607
2910,2,2,29,8548
2911,2,3,29,8697
2912,2,4,29,9073
2914,2,6,29,9042
2915,2,7,29,8665
2917,2,9,29,7543
2918,2,10,29,7873
2919,2,11,29,7678
2920,3,1,29,7043
2921,3,2,29,6757
2922,3,3,29,7007
2923,3,4,29,7045
2924,3,5,29,6794
2925,3,6,29,6802
2926,3,7,29,7566
2927,3,8,29,7272
2928,3,9,29,7410
2929,4,1,29,8264
2930,4,2,29,8657
2931,4,3,29,8175
2932,4,4,29,9103
2933,4,5,29,8866
2934,4,6,29,8013
2935,4,7,29,8895
2936,4,8,29,8349
2937,4,9,29,8481
2938,4,10,29,8042
2939,4,11,29,7931
2940,5,1,29,11777
2941,5,2,29,11210
2942,5,3,29,11471
2943,5,4,29,10260
2944,5,5,29,9937
2946,5,7,29,10706
2947,5,8,29,10159
2948,6,1,29,11195
2949,6,2,29,10556
2950,6,3,29,10237
2951,6,4,29,9830
2952,6,5,29,10079
2953,6,6,29,10352
2954,6,7,29,9898
2955,6,8,29,9395
2956,6,9,29,9731
2957,6,10,29,9566
2958,7,1,29,10655
2959,7,2,29,10442
2960,7,3,29,10472
2961,7,4,29,10249
2962,7,5,29,10739
2963,7,6,29,10727
2964,7,7,29,10584
2965,7,8,29,10663
2966,7,9,29,10692
2967,8,1,29,8427
2968,8,2,29,8288
2969,8,3,29,8268
2970,8,4,29,8053
2971,8,5,29,8040
2972,8,6,29,7954
2973,8,7,29,8263
2974,8,8,29,8226
2975,8,9,29,8417
2976,8,10,29,8806
2978,9,2,29,8197
2979,9,3,29,7956
2980,9,4,29,7674
2982,9,6,29,7596
2983,9,7,29,7253
2984,9,8,29,7008
2985,9,9,29,7014
2986,9,10,29,6795
2987,9,11,29,7024
2989,9,13,29,6886
2990,10,1,29,10663
2991,10,2,29,8917
2992,10,3,29,9071
2993,10,4,29,8930
2994,10,5,29,7596
2995,10,6,29,8268
2996,10,7,29,7733
2997,10,8,29,8368
2998,10,9,29,8694
2999,10,10,29,8746
3000,1,1,30,12022
3001,1,2,30,11718
3002,1,3,30,11714
3003,1,4,30,11638
3004,1,5,30,11367
3005,1,6,30,11665
3006,1,7,30,11675
3007,1,8,30,11694
3008,1,9,30,11773
3009,2,1,30,8996
3010,2,2,30,8905
3011,2,3,30,9097
3012,2,4,30,9495
3014,2,6,30,9442
3015,2,7,30,9086
3017,2,9,30,7880
3018,2,10,30,8205
3019,2,11,30,7984
3020,3,1,30,7419
3021,3,2,30,7077
3022,3,3,30,7338
3023,3,4,30,7434
3024,3,5,30,7117
3025,3,6,30,7160
3026,3,7,30,7949
3027,3,8,30,7666
3028,3,9,30,7805
3029,4,1,30,8644
3030,4,2,30,9092
3031,4,3,30,8550
3032,4,4,30,9558
3033,4,5,30,9336
3034,4,6,30,8423
3035,4,7,30,9336
3036,4,8,30,8882
3037,4,9,30,8900
3038,4,10,30,8472
3039,4,11,30,8333
3040,5,1,30,12252
3041,5,2,30,11609
3042,5,3,30,11928
3043,5,4,30,10681
3044,5,5,30,10334
3046,5,7,30,11161
3047,5,8,30,10616
3048,6,1,30,11761
3049,6,2,30,11015
3050,6,3,30,10692
3051,6,4,30,10316
3052,6,5,30,10517
3053,6,6,30,10796
3054,6,7,30,10328
3055,6,8,30,9840
3056,6,9,30,10176
3057,6,10,30,10038
3058,7,1,30,11310
3059,7,2,30,11119
3060,7,3,30,11147
3061,7,4,30,10896
3062,7,5,30,11390
3063,7,6,30,11337
3064,7,7,30,11217
3065,7,8,30,11274
3066,7,9,30,11279
3067,8,1,30,8766
3068,8,2,30,8652
3069,8,3,30,8661
3070,8,4,30,8409
3071,8,5,30,8392
3072,8,6,30,8307
3073,8,7,30,8598
3074,8,8,30,8581
3075,8,9,30,8817
3076,8,10,30,9185
3078,9,2,30,8601
3079,9,3,30,8365
3080,9,4,30,8108
3082,9,6,30,8005
3083,9,7,30,7660
3084,9,8,30,7391
3085,9,9,30,7368
3086,9,10,30,7165
3087,9,11,30,7403
3089,9,13,30,7291
3090,10,1,30,11137
3091,10,2,30,9362
3092,10,3,30,9636
3093,10,4,30,9455
3094,10,5,30,7987
3095,10,6,30,8683
3096,10,7,30,8149
3097,10,8,30,8854
3098,10,9,30,9159
3099,10,10,30,9291
3100,1,1,31,12346
3101,1,2,31,12040
3102,1,3,31,12037
3103,1,4,31,11976
3104,1,5,31,11705
3105,1,6,31,11970
3106,1,7,31,11994
3107,1,8,31,12015
3108,1,9,31,12095
3109,2,1,31,9241
3110,2,2,31,9161
3111,2,3,31,9323
3112,2,4,31,9745
3114,2,6,31,9678
3115,2,7,31,9328
3117,2,9,31,8113
3118,2,10,31,8429
3119,2,11,31,8188
3120,3,1,31,7661
3121,3,2,31,7310
3122,3,3,31,7549
3123,3,4,31,7653
3124,3,5,31,7333
3125,3,6,31,7352
3126,3,7,31,8249
3127,3,8,31,7920
3128,3,9,31,8045
3129,4,1,31,8861
3130,4,2,31,9354
3131,4,3,31,8777
3132,4,4,31,9813
3133,4,5,31,9598
3134,4,6,31,8688
3135,4,7,31,9631
3136,4,8,31,9091
3137,4,9,31,9145
3138,4,10,31,8701
3139,4,11,31,8591
3140,5,1,31,12569
3141,5,2,31,11927
3142,5,3,31,12228
3143,5,4,31,10986
3144,5,5,31,10654
3146,5,7,31,11466
3147,5,8,31,10943
3148,6,1,31,12090
3149,6,2,31,11333
3150,6,3,31,10990
3151,6,4,31,10633
3152,6,5,31,10844
3153,6,6,31,11107
3154,6,7,31,10645
3155,6,8,31,10147
3156,6,9,31,10469
3157,6,10,31,10300
3158,7,1,31,11643
3159,7,2,31,11478
3160,7,3,31,11500
3161,7,4,31,11207
3162,7,5,31,11689
3163,7,6,31,11636
3164,7,7,31,11522
3165,7,8,31,11583
3166,7,9,31,11602
3167,8,1,31,8967
3168,8,2,31,8867
3169,8,3,31,8866
3170,8,4,31,8641
3171,8,5,31,8600
3172,8,6,31,8529
3173,8,7,31,8813
3174,8,8,31,8841
3175,8,9,31,9029
3176,8,10,31,9441
3178,9,2,31,8855
3179,9,3,31,8633
3180,9,4,31,8377
3182,9,6,31,8277
3183,9,7,31,7935
3184,9,8,31,7635
3185,9,9,31,7606
3186,9,10,31,7406
3187,9,11,31,7650
3189,9,13,31,7540
3190,10,1,31,11428
3191,10,2,31,9657
3192,10,3,31,9894
3193,10,4,31,9750
3194,10,5,31,8222
3195,10,6,31,8936
3196,10,7,31,8408
3197,10,8,31,9139
3198,10,9,31,9505
3199,10,10,31,9560
3200,1,1,32,12843
3201,1,2,32,12527
3202,1,3,32,12537
3203,1,4,32,12523
3204,1,5,32,12169
3205,1,6,32,12459
3206,1,7,32,12487
3207,1,8,32,12517
3208,1,9,32,12598
3209,2,1,32,9633
3210,2,2,32,9585
3211,2,3,32,9737
3212,2,4,32,10157
3214,2,6,32,10072
3215,2,7,32,9721
3217,2,9,32,8488
3218,2,10,32,8791
3219,2,11,32,8534
3220,3,1,32,8010
3221,3,2,32,7637
3222,3,3,32,7875
3223,3,4,32,8035
3224,3,5,32,7686
3225,3,6,32,7718
3226,3,7,32,8686
3227,3,8,32,8290
3228,3,9,32,8477
3229,4,1,32,9265
3230,4,2,32,9759
3231,4,3,32,9147
3232,4,4,32,10243
3233,4,5,32,10064
3235,4,7,32,10048
3236,4,8,32,9497
3237,4,9,32,9536
3238,4,10,32,9149
3239,4,11,32,9008
3240,5,1,32,13087
3241,5,2,32,12394
3242,5,3,32,12715
3243,5,4,32,11415
3244,5,5,32,11191
3246,5,7,32,11969
3247,5,8,32,11489
3248,6,1,32,12525
3249,6,2,32,11746
3250,6,3,32,11380
3251,6,4,32,11016
3252,6,5,32,11260
3253,6,6,32,11524
3254,6,7,32,11035
3255,6,8,32,10548
3256,6,9,32,10827
3257,6,10,32,10708
3258,7,1,32,12169
3259,7,2,32,12009
3260,7,3,32,12034
3261,7,4,32,11750
3262,7,5,32,12137
3263,7,6,32,12089
3264,7,7,32,11974
3265,7,8,32,12021
3266,7,9,32,12064
3267,8,1,32,9339
3268,8,2,32,9227
3269,8,3,32,9238
3270,8,4,32,9028
3271,8,5,32,8949
3272,8,6,32,8895
3273,8,7,32,9158
3274,8,8,32,9198
3275,8,9,32,9425
3276,8,10,32,9841
3278,9,2,32,9324
3279,9,3,32,9063
3280,9,4,32,8799
3283,9,7,32,8357
3284,9,8,32,8038
3285,9,9,32,7973
3286,9,10,32,7758
3287,9,11,32,8027
3289,9,13,32,7895
3290,10,1,32,12003
3291,10,2,32,10122
3292,10,3,32,10282
3293,10,4,32,10225
3294,10,5,32,8616
3295,10,6,32,9363
3296,10,7,32,8836
3297,10,8,32,9504
3298,10,9,32,10027
3299,10,10,32,10058
3300,1,1,33,13116
3301,1,2,33,12772
3302,1,3,33,12806
3303,1,4,33,12762
3304,1,5,33,12450
3305,1,6,33,12683
3306,1,7,33,12727
3307,1,8,33,12795
3308,1,9,33,12859
3309,2,1,33,9880
3310,2,2,33,9845
3312,2,4,33,10442
3314,2,6,33,10372
3315,2,7,33,10009
3317,2,9,33,8755
3318,2,10,33,9060
3319,2,11,33,8785
3320,3,1,33,8274
3321,3,2,33,7836
3322,3,3,33,8097
3323,3,4,33,8274
3324,3,5,33,7877
3325,3,6,33,7959
3326,3,7,33,8916
3327,3,8,33,8515
3328,3,9,33,8721
3329,4,1,33,9527
3330,4,2,33,10031
3331,4,3,33,9379
3332,4,4,33,10524
3333,4,5,33,10343
3335,4,7,33,10321
3336,4,8,33,9736
3337,4,9,33,9785
3338,4,10,33,9317
3339,4,11,33,9267
3340,5,1,33,13300
3341,5,2,33,12590
3342,5,3,33,12958
3343,5,4,33,11631
3344,5,5,33,11400
3346,5,7,33,12188
3347,5,8,33,11705
3348,6,1,33,12827
3349,6,2,33,11995
3350,6,3,33,11632
3351,6,4,33,11277
3352,6,5,33,11543
3353,6,6,33,11800
3354,6,7,33,11319
3355,6,8,33,10786
3356,6,9,33,11090
3357,6,10,33,10947
3358,7,1,33,12428
3359,7,2,33,12264
3360,7,3,33,12305
3361,7,4,33,12017
3362,7,5,33,12374
3363,7,6,33,12329
3364,7,7,33,12219
3365,7,8,33,12303
3366,7,9,33,12334
3367,8,1,33,9474
3368,8,2,33,9373
3369,8,3,33,9388
3370,8,4,33,9166
3371,8,5,33,9088
3372,8,6,33,9030
3373,8,7,33,9291
3374,8,8,33,9355
3375,8,9,33,9569
3376,8,10,33,10002
3378,9,2,33,9580
3379,9,3,33,9297
3380,9,4,33,9012
3383,9,7,33,8615
3384,9,8,33,8254
3385,9,9,33,8207
3386,9,10,33,7990
3387,9,11,33,8240
3389,9,13,33,8119
3390,10,1,33,12292
3391,10,2,33,10307
3392,10,3,33,10502
3393,10,4,33,10521
3394,10,5,33,8837
3395,10,6,33,9595
3396,10,7,33,9091
3397,10,8,33,9719
3398,10,9,33,10364
3399,10,10,33,10310
3400,1,1,34,13509
3401,1,2,34,13173
3402,1,3,34,13134
3403,1,4,34,13196
3404,1,5,34,12855
3405,1,6,34,13097
3406,1,7,34,13147
3407,1,8,34,13180
3408,1,9,34,13220
3409,2,1,34,10152
3410,2,2,34,10129
3411,2,3,34,10278
3412,2,4,34,10737
3414,2,6,34,10651
3415,2,7,34,10277
3417,2,9,34,9003
3418,2,10,34,9325
3419,2,11,34,9120
3420,3,1,34,8554
3421,3,2,34,8097
3422,3,3,34,8445
3423,3,4,34,8543
3424,3,5,34,8162
3425,3,6,34,8259
3426,3,7,34,9334
3427,3,8,34,8895
3428,3,9,34,9101
3429,4,1,34,9852
3430,4,2,34,10364
3431,4,3,34,9685
3432,4,4,34,10881
3433,4,5,34,10709
3435,4,7,34,10700
3436,4,8,34,10089
3437,4,9,34,10148
3438,4,10,34,9669
3439,4,11,34,9636
3440,5,1,34,13684
3441,5,2,34,12974
3442,5,3,34,13294
3443,5,4,34,12033
3444,5,5,34,11771
3446,5,7,34,12488
3447,5,8,34,12099
3448,6,1,34,13188
3449,6,2,34,12331
3450,6,3,34,12012
3451,6,4,34,11670
3452,6,5,34,11924
3453,6,6,34,12136
3454,6,7,34,11701
3455,6,8,34,11106
3456,6,9,34,11412
3457,6,10,34,11266
3458,7,1,34,12782
3459,7,2,34,12622
3460,7,3,34,12671
3461,7,4,34,12354
3462,7,5,34,12704
3463,7,6,34,12661
3464,7,7,34,12570
3465,7,8,34,12638
3466,7,9,34,12697
3467,8,1,34,9704
3468,8,2,34,9602
3469,8,3,34,9613
3470,8,4,34,9414
3471,8,5,34,9335
3472,8,6,34,9252
3473,8,7,34,9533
3474,8,8,34,9600
3475,8,9,34,9814
3476,8,10,34,10239
3478,9,2,34,9927
3479,9,3,34,9648
3480,9,4,34,9359
3483,9,7,34,8948
3484,9,8,34,8558
3485,9,9,34,8509
3486,9,10,34,8282
3487,9,11,34,8564
3489,9,13,34,8422
3490,10,1,34,12807
3491,10,2,34,10765
3492,10,3,34,10881
3493,10,4,34,11035
3494,10,5,34,9259
3495,10,6,34,9984
3496,10,7,34,9609
3497,10,8,34,10146
3498,10,9,34,10840
3499,10,10,34,10825
3500,1,1,35,13863
3501,1,2,35,13553
3502,1,3,35,13553
3503,1,4,35,13571
3504,1,5,35,13222
3505,1,6,35,13449
3506,1,7,35,13496
3507,1,8,35,13528
3508,1,9,35,13581
3509,2,1,35,10342
3510,2,2,35,10382
3512,2,4,35,10970
3514,2,6,35,10913
3515,2,7,35,10536
3517,2,9,35,9212
3518,2,10,35,9553
3519,2,11,35,9324
3520,3,1,35,8702
3521,3,2,35,8244
3522,3,3,35,8592
3523,3,4,35,8697
3524,3,5,35,8311
3525,3,6,35,8417
3526,3,7,35,9536
3527,3,8,35,9109
3528,3,9,35,9290
3529,4,1,35,10083
3530,4,2,35,10603
3531,4,3,35,9945
3532,4,4,35,11149
3533,4,5,35,10987
3535,4,7,35,10973
3536,4,8,35,10347
3537,4,9,35,10420
3538,4,10,35,9920
3539,4,11,35,9911
3540,5,1,35,14201
3541,5,2,35,13450
3542,5,3,35,13784
3543,5,4,35,12457
3544,5,5,35,12191
3546,5,7,35,12941
3547,5,8,35,12513
3548,6,1,35,13557
3549,6,2,35,12768
3550,6,3,35,12324
3551,6,4,35,12012
3552,6,5,35,12321
3553,6,6,35,12477
3554,6,7,35,12024
3555,6,8,35,11417
3556,6,9,35,11777
3557,6,10,35,11633
3558,7,1,35,13083
3559,7,2,35,12918
3560,7,3,35,12966
3561,7,4,35,12670
3562,7,5,35,13002
3563,7,6,35,12959
3564,7,7,35,12870
3565,7,8,35,12952
3566,7,9,35,13023
3567,8,1,35,9939
3568,8,2,35,9848
3569,8,3,35,9851
3570,8,4,35,9662
3571,8,5,35,9556
3572,8,6,35,9509
3573,8,7,35,9798
3574,8,8,35,9829
3575,8,9,35,10046
3576,8,10,35,10484
3578,9,2,35,10233
3579,9,3,35,9961
3580,9,4,35,9670
3583,9,7,35,9235
3584,9,8,35,8823
3585,9,9,35,8816
3586,9,10,35,8578
3587,9,11,35,8836
3589,9,13,35,8727
3590,10,1,35,13159
3591,10,2,35,11040
3592,10,3,35,11174
3593,10,4,35,11377
3594,10,5,35,9481
3595,10,6,35,10231
3596,10,7,35,9844
3597,10,8,35,10403
3598,10,9,35,11156
3599,10,10,35,11090
3600,1,1,36,14230
3601,1,2,36,13930
3602,1,3,36,13890
3603,1,4,36,13934
3604,1,5,36,13569
3605,1,6,36,13832
3606,1,7,36,13864
3607,1,8,36,13899
3608,1,9,36,13950
3609,2,1,36,10593
3610,2,2,36,10676
3611,2,3,36,10822
3612,2,4,36,11287
3614,2,6,36,11205
3615,2,7,36,10805
3617,2,9,36,9481
3618,2,10,36,9823
3619,2,11,36,9601
3620,3,1,36,8931
3621,3,2,36,8458
3622,3,3,36,8829
3623,3,4,36,8945
3624,3,5,36,8530
3625,3,6,36,8697
3626,3,7,36,9818
3627,3,8,36,9373
3628,3,9,36,9577
3629,4,1,36,10394
3630,4,2,36,10939
3631,4,3,36,10293
3632,4,4,36,11506
3633,4,5,36,11351
3635,4,7,36,11398
3636,4,8,36,10737
3637,4,9,36,10851
3638,4,10,36,10329
3639,4,11,36,10271
3640,5,1,36,14644
3641,5,2,36,13827
3642,5,3,36,14150
3643,5,4,36,12806
3644,5,5,36,12594
3646,5,7,36,13286
3647,5,8,36,12889
3648,6,1,36,13911
3649,6,2,36,13146
3650,6,3,36,12686
3651,6,4,36,12363
3652,6,5,36,12655
3653,6,6,36,12882
3654,6,7,36,12358
3655,6,8,36,11722
3656,6,9,36,12096
3657,6,10,36,11965
3658,7,1,36,13398
3659,7,2,36,13273
3660,7,3,36,13306
3661,7,4,36,13028
3662,7,5,36,13369
3663,7,6,36,13323
3664,7,7,36,13241
3665,7,8,36,13306
3666,7,9,36,13373
3667,8,1,36,10199
3668,8,2,36,10106
3669,8,3,36,10118
3670,8,4,36,9936
3671,8,5,36,9845
3672,8,6,36,9792
3673,8,7,36,10086
3674,8,8,36,10093
3675,8,9,36,10332
3676,8,10,36,10744
3678,9,2,36,10548
3679,9,3,36,10294
3680,9,4,36,9984
3683,9,7,36,9561
3684,9,8,36,9131
3685,9,9,36,9106
3686,9,10,36,8874
3687,9,11,36,9143
3689,9,13,36,9015
3690,10,1,36,13680
3691,10,2,36,11408
3692,10,3,36,11612
3693,10,4,36,11875
3694,10,5,36,9869
3695,10,6,36,10588
3696,10,7,36,10237
3697,10,8,36,10739
3698,10,9,36,11584
3699,10,10,36,11481
3700,1,1,37,14709
3701,1,2,37,14333
3702,1,3,37,14317
3703,1,4,37,14348
3704,1,5,37,13982
3705,1,6,37,14240
3706,1,7,37,14260
3707,1,8,37,14297
3708,1,9,37,14358
3709,2,1,37,10860
3710,2,2,37,10943
3711,2,3,37,11115
3712,2,4,37,11582
3714,2,6,37,11503
3715,2,7,37,11128
3717,2,9,37,9723
3718,2,10,37,10060
3719,2,11,37,9871
3720,3,1,37,9210
3721,3,2,37,8735
3722,3,3,37,9092
3723,3,4,37,9231
3724,3,5,37,8837
3725,3,6,37,8965
3726,3,7,37,10173
3727,3,8,37,9697
3728,3,9,37,9919
3729,4,1,37,10712
3730,4,2,37,11294
3731,4,3,37,10661
3732,4,4,37,11858
3733,4,5,37,11736
3735,4,7,37,11770
3736,4,8,37,11061
3737,4,9,37,11191
3738,4,10,37,10666
3739,4,11,37,10596
3740,5,1,37,15062
3741,5,2,37,14232
3742,5,3,37,14591
3743,5,4,37,13200
3744,5,5,37,12924
3746,5,7,37,13666
3747,5,8,37,13256
3748,6,1,37,14345
3749,6,2,37,13540
3750,6,3,37,13057
3751,6,4,37,12733
3752,6,5,37,13035
3753,6,6,37,13239
3754,6,7,37,12718
3755,6,8,37,12082
3756,6,9,37,12446
3757,6,10,37,12315
3758,7,1,37,13813
3759,7,2,37,13687
3760,7,3,37,13734
3761,7,4,37,13455
3762,7,5,37,13787
3763,7,6,37,13753
3764,7,7,37,13687
3765,7,8,37,13735
3766,7,9,37,13808
3767,8,1,37,10526
3768,8,2,37,10406
3769,8,3,37,10448
3770,8,4,37,10239
3771,8,5,37,10172
3772,8,6,37,10094
3773,8,7,37,10413
3774,8,8,37,10375
3775,8,9,37,10652
3776,8,10,37,11089
3778,9,2,37,10879
3779,9,3,37,10631
3780,9,4,37,10297
3783,9,7,37,9848
3784,9,8,37,9413
3785,9,9,37,9396
3786,9,10,37,9167
3787,9,11,37,9429
3789,9,13,37,9296
3790,10,1,37,14160
3791,10,2,37,11789
3792,10,3,37,11994
3793,10,4,37,12250
3794,10,5,37,10219
3795,10,6,37,10901
3796,10,7,37,10611
3797,10,8,37,11106
3798,10,9,37,11999
3799,10,10,37,11826
3800,1,1,38,15100
3801,1,2,38,14738
3802,1,3,38,14737
3803,1,4,38,14755
3804,1,5,38,14407
3805,1,6,38,14650
3806,1,7,38,14662
3807,1,8,38,14689
3808,1,9,38,14763
3809,2,1,38,11199
3810,2,2,38,11302
3811,2,3,38,11487
3812,2,4,38,11917
3814,2,6,38,11893
3815,2,7,38,11511
3817,2,9,38,10023
3818,2,10,38,10295
3819,2,11,38,10110
3820,3,1,38,9425
3821,3,2,38,8945
3822,3,3,38,9374
3823,3,4,38,9475
3824,3,5,38,9097
3825,3,6,38,9257
3826,3,7,38,10515
3827,3,8,38,9997
3828,3,9,38,10191
3829,4,1,38,10994
3830,4,2,38,11577
3831,4,3,38,10907
3832,4,4,38,12163
3833,4,5,38,12016
3835,4,7,38,12076
3836,4,8,38,11345
3837,4,9,38,11476
3838,4,10,38,10939
3839,4,11,38,10881
3840,5,1,38,15497
3841,5,2,38,14639
3842,5,3,38,15050
3843,5,4,38,13634
3844,5,5,38,13274
3846,5,7,38,14086
3847,5,8,38,13631
3848,6,1,38,14758
3849,6,2,38,13976
3850,6,3,38,13442
3851,6,4,38,13140
3852,6,5,38,13435
3853,6,6,38,13616
3854,6,7,38,13105
3855,6,8,38,12482
3856,6,9,38,12839
3857,6,10,38,12723
3858,7,1,38,14214
3859,7,2,38,14122
3860,7,3,38,14153
3861,7,4,38,13883
3862,7,5,38,14220
3863,7,6,38,14204
3864,7,7,38,14154
3865,7,8,38,14188
3866,7,9,38,14257
3867,8,1,38,10811
3868,8,2,38,10706
3869,8,3,38,10708
3870,8,4,38,10508
3871,8,5,38,10450
3872,8,6,38,10360
3873,8,7,38,10683
3874,8,8,38,10641
3875,8,9,38,10915
3876,8,10,38,11354
3878,9,2,38,11153
3879,9,3,38,10898
3880,9,4,38,10579
3883,9,7,38,10103
3884,9,8,38,9710
3885,9,9,38,9628
3886,9,10,38,9447
3887,9,11,38,9686
3889,9,13,38,9555
3890,10,1,38,14620
3891,10,2,38,12170
3892,10,3,38,12326
3893,10,4,38,12615
3894,10,5,38,10482
3895,10,6,38,11199
3896,10,7,38,10948
3897,10,8,38,11455
3898,10,9,38,12392
3899,10,10,38,12158
3900,1,1,39,15429
3901,1,2,39,15080
3902,1,3,39,15074
3903,1,4,39,15119
3904,1,5,39,14750
3905,1,6,39,15008
3906,1,7,39,15020
3907,1,8,39,15029
3908,1,9,39,15113
3909,2,1,39,11464
3910,2,2,39,11549
3911,2,3,39,11758
3912,2,4,39,12188
3914,2,6,39,12142
3915,2,7,39,11790
3917,2,9,39,10230
3918,2,10,39,10525
3919,2,11,39,10332
3920,3,1,39,9603
3921,3,2,39,9118
3922,3,3,39,9544
3923,3,4,39,9665
3924,3,5,39,9257
3925,3,6,39,9436
3926,3,7,39,10721
3927,3,8,39,10179
3928,3,9,39,10398
3929,4,1,39,11204
3930,4,2,39,11819
3931,4,3,39,11138
3932,4,4,39,12428
3933,4,5,39,12293
3935,4,7,39,12311
3936,4,8,39,11584
3937,4,9,39,11728
3938,4,10,39,11174
3939,4,11,39,11128
3940,5,1,39,15954
3941,5,2,39,15025
3942,5,3,39,15471
3943,5,4,39,14085
3944,5,5,39,13579
3946,5,7,39,14454
3947,5,8,39,14013
3948,6,1,39,15058
3949,6,2,39,14246
3950,6,3,39,13705
3951,6,4,39,13408
3952,6,5,39,13702
3953,6,6,39,13897
3954,6,7,39,13361
3955,6,8,39,12775
3956,6,9,39,13137
3957,6,10,39,13035
3958,7,1,39,14499
3959,7,2,39,14432
3960,7,3,39,14470
3961,7,4,39,14189
3962,7,5,39,14532
3963,7,6,39,14519
3964,7,7,39,14472
3965,7,8,39,14491
3966,7,9,39,14573
3967,8,1,39,11016
3968,8,2,39,10947
3969,8,3,39,10938
3970,8,4,39,10756
3971,8,5,39,10685
3972,8,6,39,10612
3973,8,7,39,10940
3974,8,8,39,10906
3975,8,9,39,11160
3976,8,10,39,11595
3978,9,2,39,11389
3979,9,3,39,11133
3980,9,4,39,10823
3983,9,7,39,10316
3984,9,8,39,9905
3985,9,9,39,9835
3986,9,10,39,9655
3987,9,11,39,9894
3989,9,13,39,9743
3990,10,1,39,14962
3991,10,2,39,12479
3992,10,3,39,12604
3993,10,4,39,12910
3994,10,5,39,10751
3995,10,6,39,11494
3996,10,7,39,11249
3997,10,8,39,11726
3998,10,9,39,12725
3999,10,10,39,12486
4000,1,1,40,15730
4001,1,2,40,15393
4002,1,3,40,15382
4003,1,4,40,15390
4004,1,5,40,15047
4005,1,6,40,15324
4006,1,7,40,15302
4007,1,8,40,15322
4008,1,9,40,15430
4009,2,1,40,11666
4010,2,2,40,11781
4011,2,3,40,12014
4012,2,4,40,12450
4014,2,6,40,12363
4015,2,7,40,12032
4017,2,9,40,10431
4018,2,10,40,10715
4019,2,11,40,10530
4020,3,1,40,9759
4021,3,2,40,9282
4022,3,3,40,9706
4023,3,4,40,9835
4024,3,5,40,9423
4025,3,6,40,9614
4026,3,7,40,10889
4027,3,8,40,10362
4028,3,9,40,10592
4029,4,1,40,11412
4030,4,2,40,12027
4031,4,3,40,11337
4032,4,4,40,12653
4033,4,5,40,12498
4035,4,7,40,12536
4036,4,8,40,11806
4037,4,9,40,11936
4038,4,10,40,11377
4039,4,11,40,11318
4040,5,1,40,16232
4041,5,2,40,15307
4042,5,3,40,15802
4043,5,4,40,14390
4044,5,5,40,13857
4046,5,7,40,14746
4047,5,8,40,14269
4048,6,1,40,15285
4049,6,2,40,14431
4050,6,3,40,13900
4051,6,4,40,13645
4052,6,5,40,13912
4053,6,6,40,14101
4054,6,7,40,13596
4055,6,8,40,12983
4056,6,9,40,13347
4057,6,10,40,13235
4058,7,1,40,14809
4059,7,2,40,14722
4060,7,3,40,14749
4061,7,4,40,14462
4062,7,5,40,14812
4063,7,6,40,14776
4064,7,7,40,14734
4065,7,8,40,14773
4066,7,9,40,14823
4067,8,1,40,11202
4068,8,2,40,11117
4069,8,3,40,11108
4070,8,4,40,10921
4071,8,5,40,10849
4072,8,6,40,10794
4073,8,7,40,11118
4074,8,8,40,11113
4075,8,9,40,11344
4076,8,10,40,11774
4078,9,2,40,11579
4079,9,3,40,11328
4080,9,4,40,11014
4083,9,7,40,10499
4084,9,8,40,10088
4085,9,9,40,10002
4086,9,10,40,9835
4087,9,11,40,10083
4089,9,13,40,9898
4090,10,1,40,15260
4091,10,2,40,12745
4092,10,3,40,12877
4093,10,4,40,13147
4094,10,5,40,10967
4095,10,6,40,11748
4096,10,7,40,11527
4097,10,8,40,11963
4098,10,9,40,12974
4099,10,10,40,12713
4100,1,1,41,16383
4101,1,2,41,16030
4102,1,3,41,16067
4103,1,4,41,16011
4104,1,5,41,15714
4105,1,6,41,15970
4106,1,7,41,15912
4107,1,8,41,15965
4108,1,9,41,16080
4109,2,1,41,12216
4110,2,2,41,12382
4111,2,3,41,12590
4112,2,4,41,13067
4114,2,6,41,12962
4115,2,7,41,12622
4117,2,9,41,10920
4118,2,10,41,11199
4119,2,11,41,11030
4120,3,1,41,10300
4121,3,2,41,9755
4122,3,3,41,10200
4123,3,4,41,10375
4124,3,5,41,9920
4125,3,6,41,10132
4126,3,7,41,11486
4127,3,8,41,10912
4128,3,9,41,11078
4129,4,1,41,11979
4130,4,2,41,12564
4131,4,3,41,11908
4132,4,4,41,13263
4133,4,5,41,13064
4135,4,7,41,13083
4136,4,8,41,12396
4137,4,9,41,12481
4138,4,10,41,11941
4139,4,11,41,11858
4140,5,1,41,16870
4141,5,2,41,15870
4142,5,3,41,16533
4143,5,4,41,15016
4144,5,5,41,14359
4146,5,7,41,15334
4147,5,8,41,14839
4148,6,1,41,15985
4149,6,2,41,15083
4150,6,3,41,14524
4151,6,4,41,14321
4152,6,5,41,14592
4153,6,6,41,14766
4154,6,7,41,14266
4155,6,8,41,13640
4156,6,9,41,13954
4157,6,10,41,13870
4158,7,1,41,15468
4159,7,2,41,15394
4160,7,3,41,15391
4161,7,4,41,15092
4162,7,5,41,15515
4163,7,6,41,15474
4164,7,7,41,15421
4165,7,8,41,15457
4166,7,9,41,15525
4167,8,1,41,11714
4168,8,2,41,11602
4169,8,3,41,11556
4170,8,4,41,11383
4171,8,5,41,11350
4172,8,6,41,11272
4173,8,7,41,11585
4174,8,8,41,11613
4175,8,9,41,11849
4176,8,10,41,12269
4178,9,2,41,12169
4179,9,3,41,11885
4180,9,4,41,11557
4183,9,7,41,10961
4184,9,8,41,10612
4185,9,9,41,10473
4186,9,10,41,10316
4187,9,11,41,10568
4189,9,13,41,10383
4190,10,1,41,16053
4191,10,2,41,13307
4192,10,3,41,13519
4193,10,4,41,13820
4194,10,5,41,11506
4195,10,6,41,12296
4196,10,7,41,12113
4197,10,8,41,12644
4198,10,9,41,13609
4199,10,10,41,13371
4200,1,1,42,16816
4201,1,2,42,16496
4202,1,3,42,16519
4203,1,4,42,16503
4204,1,5,42,16159
4205,1,6,42,16434
4206,1,7,42,16385
4207,1,8,42,16442
4208,1,9,42,16541
4209,2,1,42,12493
4210,2,2,42,12631
4211,2,3,42,12873
4212,2,4,42,13357
4214,2,6,42,13217
4215,2,7,42,12889
4217,2,9,42,11134
4218,2,10,42,11435
4219,2,11,42,11257
4220,3,1,42,10502
4221,3,2,42,9967
4222,3,3,42,10421
4223,3,4,42,10620
4224,3,5,42,10135
4225,3,6,42,10324
4226,3,7,42,11748
4227,3,8,42,11146
4228,3,9,42,11316
4229,4,1,42,12242
4230,4,2,42,12850
4231,4,3,42,12178
4232,4,4,42,13578
4233,4,5,42,13388
4235,4,7,42,13384
4236,4,8,42,12740
4237,4,9,42,12758
4238,4,10,42,12207
4239,4,11,42,12129
4240,5,1,42,17215
4241,5,2,42,16192
4242,5,3,42,16943
4243,5,4,42,15413
4244,5,5,42,14666
4246,5,7,42,15684
4247,5,8,42,15154
4248,6,1,42,16388
4249,6,2,42,15423
4250,6,3,42,14867
4251,6,4,42,14670
4252,6,5,42,14917
4253,6,6,42,15119
4254,6,7,42,14601
4255,6,8,42,14020
4256,6,9,42,14289
4257,6,10,42,14225
4258,7,1,42,15827
4259,7,2,42,15722
4260,7,3,42,15723
4261,7,4,42,15451
4262,7,5,42,15910
4263,7,6,42,15880
4264,7,7,42,15844
4265,7,8,42,15887
4266,7,9,42,15929
4267,8,1,42,12012
4268,8,2,42,11836
4269,8,3,42,11815
4270,8,4,42,11659
4271,8,5,42,11632
4272,8,6,42,11557
4273,8,7,42,11870
4274,8,8,42,11893
4275,8,9,42,12147
4276,8,10,42,12543
4278,9,2,42,12458
4279,9,3,42,12165
4280,9,4,42,11855
4283,9,7,42,11237
4284,9,8,42,10879
4285,9,9,42,10733
4286,9,10,42,10565
4287,9,11,42,10839
4289,9,13,42,10635
4290,10,1,42,16442
4291,10,2,42,13720
4292,10,3,42,13915
4293,10,4,42,14173
4294,10,5,42,11787
4295,10,6,42,12641
4296,10,7,42,12458
4297,10,8,42,12981
4298,10,9,42,13982
4299,10,10,42,13703
4300,1,1,43,17281
4301,1,2,43,16938
4302,1,3,43,17004
4303,1,4,43,17006
4304,1,5,43,16682
4305,1,6,43,16960
4306,1,7,43,16866
4307,1,8,43,16924
4308,1,9,43,17040
4309,2,1,43,12801
4310,2,2,43,12912
4311,2,3,43,13181
4312,2,4,43,13682
4314,2,6,43,13525
4315,2,7,43,13216
4317,2,9,43,11401
4318,2,10,43,11716
4319,2,11,43,11536
4320,3,1,43,10694
4321,3,2,43,10173
4322,3,3,43,10628
4323,3,4,43,10865
4324,3,5,43,10342
4325,3,6,43,10555
4326,3,7,43,11984
4327,3,8,43,11383
4328,3,9,43,11561
4329,4,1,43,12527
4330,4,2,43,13129
4331,4,3,43,12467
4332,4,4,43,13903
4333,4,5,43,13718
4335,4,7,43,13701
4336,4,8,43,13059
4337,4,9,43,13061
4338,4,10,43,12471
4339,4,11,43,12428
4340,5,1,43,17585
4341,5,2,43,16534
4342,5,3,43,17379
4343,5,4,43,15905
4344,5,5,43,15031
4346,5,7,43,16126
4347,5,8,43,15641
4348,6,1,43,16883
4349,6,2,43,15835
4350,6,3,43,15302
4351,6,4,43,15103
4352,6,5,43,15374
4353,6,6,43,15597
4354,6,7,43,15035
4355,6,8,43,14468
4356,6,9,43,14732
4357,6,10,43,14655
4358,7,1,43,16466
4359,7,2,43,16283
4360,7,3,43,16310
4361,7,4,43,15991
4362,7,5,43,16527
4363,7,6,43,16532
4364,7,7,43,16468
4365,7,8,43,16511
4366,7,9,43,16579
4367,8,1,43,12264
4368,8,2,43,12036
4369,8,3,43,12026
4370,8,4,43,11871
4371,8,5,43,11889
4372,8,6,43,11782
4373,8,7,43,12085
4374,8,8,43,12130
4375,8,9,43,12397
4376,8,10,43,12771
4378,9,2,43,12775
4379,9,3,43,12463
4380,9,4,43,12135
4383,9,7,43,11525
4384,9,8,43,11169
4385,9,9,43,11002
4386,9,10,43,10825
4387,9,11,43,11117
4389,9,13,43,10900
4390,10,1,43,16883
4391,10,2,43,14155
4392,10,3,43,14371
4393,10,4,43,14620
4394,10,5,43,12197
4395,10,6,43,13079
4396,10,7,43,12949
4397,10,8,43,13388
4398,10,9,43,14362
4399,10,10,43,14133
4400,1,1,44,17844
4401,1,2,44,17528
4402,1,3,44,17569
4403,1,4,44,17553
4404,1,5,44,17284
4405,1,6,44,17587
4406,1,7,44,17565
4407,1,8,44,17552
4408,1,9,44,17613
4409,2,1,44,13093
4410,2,2,44,13197
4411,2,3,44,13444
4412,2,4,44,13992
4414,2,6,44,13806
4415,2,7,44,13510
4417,2,9,44,11668
4418,2,10,44,11951
4419,2,11,44,11780
4420,3,1,44,10981
4421,3,2,44,10482
4422,3,3,44,10981
4423,3,4,44,11197
4424,3,5,44,10605
4425,3,6,44,10848
4426,3,7,44,12327
4427,3,8,44,11681
4428,3,9,44,11880
4429,4,1,44,12957
4430,4,2,44,13655
4431,4,3,44,12908
4432,4,4,44,14250
4433,4,5,44,14279
4435,4,7,44,14180
4436,4,8,44,13572
4437,4,9,44,13580
4438,4,10,44,12922
4439,4,11,44,12944
4440,5,1,44,18267
4441,5,2,44,17187
4442,5,3,44,18220
4443,5,4,44,16676
4444,5,5,44,15681
4446,5,7,44,16881
4447,5,8,44,16381
4448,6,1,44,17381
4449,6,2,44,16263
4450,6,3,44,15715
4451,6,4,44,15523
4452,6,5,44,15817
4453,6,6,44,16042
4454,6,7,44,15425
4455,6,8,44,14940
4456,6,9,44,15131
4457,6,10,44,15025
4458,7,1,44,16974
4459,7,2,44,16822
4460,7,3,44,16836
4461,7,4,44,16552
4462,7,5,44,17070
4463,7,6,44,17107
4464,7,7,44,16976
4465,7,8,44,17053
4466,7,9,44,17063
4467,8,1,44,12629
4468,8,2,44,12321
4469,8,3,44,12293
4470,8,4,44,12158
4471,8,5,44,12194
4472,8,6,44,12042
4473,8,7,44,12363
4474,8,8,44,12428
4475,8,9,44,12662
4476,8,10,44,13078
4478,9,2,44,13157
4479,9,3,44,12808
4480,9,4,44,12496
4483,9,7,44,11908
4484,9,8,44,11506
4485,9,9,44,11344
4486,9,10,44,11184
4487,9,11,44,11475
4489,9,13,44,11264
4490,10,1,44,17528
4491,10,2,44,14670
4492,10,3,44,15011
4493,10,4,44,15055
4494,10,5,44,12624
4495,10,6,44,13376
4496,10,7,44,13381
4497,10,8,44,13823
4498,10,9,44,14660
4499,10,10,44,14521
